,Position,Well,Rate (ÂµM/s),Type,Column,Row,Plate_name
0,105,A01,0.01234054726620127,Variant,1,A,Lib1_105X
1,105,A02,0.41958572088405355,Variant,2,A,Lib1_105X
2,105,A03,0.03515785195216663,Variant,3,A,Lib1_105X
3,105,A04,0.3274269125691749,Variant,4,A,Lib1_105X
4,105,A05,0.02985279843872332,Variant,5,A,Lib1_105X
5,105,A06,0.03207141046409725,Variant,6,A,Lib1_105X
6,105,A07,0.02044215185484351,Variant,7,A,Lib1_105X
7,105,A08,0.03417107843152174,Variant,8,A,Lib1_105X
8,105,A09,0.035184814254392745,Variant,9,A,Lib1_105X
9,105,A10,0.29507046830031713,Parent,10,A,Lib1_105X
10,105,A11,0.3016752218401865,Variant,11,A,Lib1_105X
11,105,A12,0.004244083288575002,Variant,12,A,Lib1_105X
12,105,B01,0.056603795411101,Variant,1,B,Lib1_105X
13,105,B02,0.0565085247401494,Variant,2,B,Lib1_105X
14,105,B03,0.0561974423142739,Variant,3,B,Lib1_105X
15,105,B04,0.05527885431230442,Variant,4,B,Lib1_105X
16,105,B05,0.06525190883978774,Variant,5,B,Lib1_105X
17,105,B06,0.0792190807553728,Variant,6,B,Lib1_105X
18,105,B07,0.011179513286011553,Variant,7,B,Lib1_105X
19,105,B08,0.04910501323168506,Variant,8,B,Lib1_105X
20,105,B09,0.2564255044581678,Variant,9,B,Lib1_105X
21,105,B10,0.2542297585598331,Parent,10,B,Lib1_105X
22,105,B11,0.07042898713253526,Variant,11,B,Lib1_105X
23,105,B12,0.04018485713497745,Variant,12,B,Lib1_105X
24,105,C01,-0.04143585725682851,Variant,1,C,Lib1_105X
25,105,C02,0.04258378566005597,Variant,2,C,Lib1_105X
26,105,C03,0.044275020848044855,Variant,3,C,Lib1_105X
27,105,C04,0.04599885658085784,Variant,4,C,Lib1_105X
28,105,C05,0.0409737606503449,Variant,5,C,Lib1_105X
29,105,C06,0.02399034715509931,Variant,6,C,Lib1_105X
30,105,C07,0.02953263983272399,Variant,7,C,Lib1_105X
31,105,C08,-0.0003246169621142683,Variant,8,C,Lib1_105X
32,105,C09,0.02052390970736381,Variant,9,C,Lib1_105X
33,105,C10,0.36659437672791206,Parent,10,C,Lib1_105X
34,105,C11,0.012838695753600844,Variant,11,C,Lib1_105X
35,105,C12,0.04482894371219932,Variant,12,C,Lib1_105X
36,105,D01,0.05823708380739284,Variant,1,D,Lib1_105X
37,105,D02,0.03033768233464008,Variant,2,D,Lib1_105X
38,105,D03,0.04405940896191246,Variant,3,D,Lib1_105X
39,105,D04,0.044004495590786376,Variant,4,D,Lib1_105X
40,105,D05,0.026054558205704292,Variant,5,D,Lib1_105X
41,105,D06,0.04035684483723174,Variant,6,D,Lib1_105X
42,105,D07,0.015471158461358898,Variant,7,D,Lib1_105X
43,105,D08,0.32575753385099504,Variant,8,D,Lib1_105X
44,105,D09,0.037498304576958685,Variant,9,D,Lib1_105X
45,105,D10,0.37044367964198477,Parent,10,D,Lib1_105X
46,105,D11,0.016047225556052917,Variant,11,D,Lib1_105X
47,105,D12,0.08631511973981783,Variant,12,D,Lib1_105X
48,105,E01,-0.01248354371668305,Variant,1,E,Lib1_105X
49,105,E02,0.013478990294523464,Variant,2,E,Lib1_105X
50,105,E03,0.015595059571832883,Variant,3,E,Lib1_105X
51,105,E04,0.3681513204316893,Variant,4,E,Lib1_105X
52,105,E05,0.03469418024905834,Variant,5,E,Lib1_105X
53,105,E06,0.025407560841285468,Variant,6,E,Lib1_105X
54,105,E07,0.015299229849637382,Variant,7,E,Lib1_105X
55,105,E08,0.005169949985878507,Variant,8,E,Lib1_105X
56,105,E09,-0.0002509556357691914,Variant,9,E,Lib1_105X
57,105,E10,-0.00821150350787122,Sterile,10,E,Lib1_105X
58,105,E11,0.020670098274653416,Variant,11,E,Lib1_105X
59,105,E12,0.0176326073591017,Variant,12,E,Lib1_105X
60,105,F01,0.10163312172913233,Variant,1,F,Lib1_105X
61,105,F02,0.021185288159455497,Variant,2,F,Lib1_105X
62,105,F03,0.01742842219248958,Variant,3,F,Lib1_105X
63,105,F04,0.0581831184424737,Variant,4,F,Lib1_105X
64,105,F05,0.039994071885770935,Variant,5,F,Lib1_105X
65,105,F06,0.03224949786235188,Variant,6,F,Lib1_105X
66,105,F07,0.00852191753153867,Variant,7,F,Lib1_105X
67,105,F08,-0.019157324582993643,Variant,8,F,Lib1_105X
68,105,F09,0.038623938638142105,Variant,9,F,Lib1_105X
69,105,F10,-0.014341124365955728,Negative,10,F,Lib1_105X
70,105,F11,-0.012133387217608836,Variant,11,F,Lib1_105X
71,105,F12,0.0449237568827653,Variant,12,F,Lib1_105X
72,105,G01,0.08075327337108973,Variant,1,G,Lib1_105X
73,105,G02,0.02006558598282123,Variant,2,G,Lib1_105X
74,105,G03,0.003768737805483192,Variant,3,G,Lib1_105X
75,105,G04,-0.016969702186591787,Variant,4,G,Lib1_105X
76,105,G05,0.28891140534177606,Variant,5,G,Lib1_105X
77,105,G06,0.018498205100222556,Variant,6,G,Lib1_105X
78,105,G07,0.014267758591614738,Variant,7,G,Lib1_105X
79,105,G08,-0.01811759754294854,Variant,8,G,Lib1_105X
80,105,G09,-0.008637496804375396,Variant,9,G,Lib1_105X
81,105,G10,0.008952956393087616,Negative,10,G,Lib1_105X
82,105,G11,-0.021977263420686642,Variant,11,G,Lib1_105X
83,105,G12,-0.007456791157164893,Variant,12,G,Lib1_105X
84,105,H01,0.04729734376216875,Variant,1,H,Lib1_105X
85,105,H02,0.06813435242667427,Variant,2,H,Lib1_105X
86,105,H03,0.256058337974647,Variant,3,H,Lib1_105X
87,105,H04,0.06296721408602621,Variant,4,H,Lib1_105X
88,105,H05,0.04629688850475142,Variant,5,H,Lib1_105X
89,105,H06,0.009077437382245989,Variant,6,H,Lib1_105X
90,105,H07,0.005560906403070151,Variant,7,H,Lib1_105X
91,105,H08,0.024350237442320597,Variant,8,H,Lib1_105X
92,105,H09,0.022456224958057373,Variant,9,H,Lib1_105X
93,105,H10,-0.0067371573415988695,Negative,10,H,Lib1_105X
94,105,H11,0.022948941002878125,Variant,11,H,Lib1_105X
95,105,H12,0.03240101819748109,Variant,12,H,Lib1_105X
96,162,A01,0.20148388410194612,Variant,1,A,Lib3_162X
97,162,A02,-0.001959415079079185,Variant,2,A,Lib3_162X
98,162,A03,0.03427470587105809,Variant,3,A,Lib3_162X
99,162,A04,0.17369961071954634,Variant,4,A,Lib3_162X
100,162,A05,0.022019516098497817,Variant,5,A,Lib3_162X
101,162,A06,0.2565096277518608,Variant,6,A,Lib3_162X
102,162,A07,0.006740854745859646,Variant,7,A,Lib3_162X
103,162,A08,0.32236726916368874,Variant,8,A,Lib3_162X
104,162,A09,-0.040047767161375813,Variant,9,A,Lib3_162X
105,162,A10,0.3543960783475819,Parent,10,A,Lib3_162X
106,162,A11,0.2322856792000771,Variant,11,A,Lib3_162X
107,162,A12,0.0347380579843299,Variant,12,A,Lib3_162X
108,162,B01,0.030082714405738654,Variant,1,B,Lib3_162X
109,162,B02,0.06209076604043068,Variant,2,B,Lib3_162X
110,162,B03,0.03576255750619847,Variant,3,B,Lib3_162X
111,162,B04,0.03293698938948587,Variant,4,B,Lib3_162X
112,162,B05,0.052188648495903295,Variant,5,B,Lib3_162X
113,162,B06,0.2010212337092653,Variant,6,B,Lib3_162X
114,162,B07,0.11225009463701334,Variant,7,B,Lib3_162X
115,162,B08,0.23239998480246116,Variant,8,B,Lib3_162X
116,162,B09,0.45573319381492716,Variant,9,B,Lib3_162X
117,162,B10,0.3308517366050188,Parent,10,B,Lib3_162X
118,162,B11,0.034655553184678306,Variant,11,B,Lib3_162X
119,162,B12,0.047079523374601764,Variant,12,B,Lib3_162X
120,162,C01,0.3185960170486539,Variant,1,C,Lib3_162X
121,162,C02,0.028135613246225127,Variant,2,C,Lib3_162X
122,162,C03,0.035775062982916724,Variant,3,C,Lib3_162X
123,162,C04,0.013950622330651495,Variant,4,C,Lib3_162X
124,162,C05,0.3658831986888003,Variant,5,C,Lib3_162X
125,162,C06,0.07156076538482183,Variant,6,C,Lib3_162X
126,162,C07,0.014771792835461883,Variant,7,C,Lib3_162X
127,162,C08,-0.014864344884262382,Variant,8,C,Lib3_162X
128,162,C09,0.025299866553966596,Variant,9,C,Lib3_162X
129,162,C10,0.30287813266782015,Parent,10,C,Lib3_162X
130,162,C11,0.05155544415171892,Variant,11,C,Lib3_162X
131,162,C12,0.03359464216819737,Variant,12,C,Lib3_162X
132,162,D01,-0.00854397188669823,Variant,1,D,Lib3_162X
133,162,D02,0.017615512617537923,Variant,2,D,Lib3_162X
134,162,D03,0.35470499573732983,Variant,3,D,Lib3_162X
135,162,D04,-0.027147453832987743,Variant,4,D,Lib3_162X
136,162,D05,0.05637096786156013,Variant,5,D,Lib3_162X
137,162,D06,-0.01202824687949949,Variant,6,D,Lib3_162X
138,162,D07,0.016275333723528553,Variant,7,D,Lib3_162X
139,162,D08,0.39224434340656944,Variant,8,D,Lib3_162X
140,162,D09,0.005911695179087104,Variant,9,D,Lib3_162X
141,162,D10,0.34095204492926734,Parent,10,D,Lib3_162X
142,162,D11,0.028983988091359172,Variant,11,D,Lib3_162X
143,162,D12,0.02610882005168553,Variant,12,D,Lib3_162X
144,162,E01,0.11284244892003212,Variant,1,E,Lib3_162X
145,162,E02,0.0043474023915030385,Variant,2,E,Lib3_162X
146,162,E03,0.32987966116650347,Variant,3,E,Lib3_162X
147,162,E04,-0.0016738125492900737,Variant,4,E,Lib3_162X
148,162,E05,0.23032356972840734,Variant,5,E,Lib3_162X
149,162,E06,-0.023526071252554428,Variant,6,E,Lib3_162X
150,162,E07,-0.004683261861476334,Variant,7,E,Lib3_162X
151,162,E08,0.055240891646314454,Variant,8,E,Lib3_162X
152,162,E09,0.029775373917034005,Variant,9,E,Lib3_162X
153,162,E10,-0.01781764435194319,Sterile,10,E,Lib3_162X
154,162,E11,0.09123373888370677,Variant,11,E,Lib3_162X
155,162,E12,0.02481591944543691,Variant,12,E,Lib3_162X
156,162,F01,0.020825155749221464,Variant,1,F,Lib3_162X
157,162,F02,0.03442890980810235,Variant,2,F,Lib3_162X
158,162,F03,0.017838283070304543,Variant,3,F,Lib3_162X
159,162,F04,0.08270951310998723,Variant,4,F,Lib3_162X
160,162,F05,0.029962754101578205,Variant,5,F,Lib3_162X
161,162,F06,0.09349356075724122,Variant,6,F,Lib3_162X
162,162,F07,0.01729198296027723,Variant,7,F,Lib3_162X
163,162,F08,0.33438421348628755,Variant,8,F,Lib3_162X
164,162,F09,0.0462294931712902,Variant,9,F,Lib3_162X
165,162,F10,-0.015579581284045532,Negative,10,F,Lib3_162X
166,162,F11,0.2407647254305167,Variant,11,F,Lib3_162X
167,162,F12,0.05680284169464893,Variant,12,F,Lib3_162X
168,162,G01,0.01666878915818351,Variant,1,G,Lib3_162X
169,162,G02,-0.008501691726115892,Variant,2,G,Lib3_162X
170,162,G03,0.07716258935023523,Variant,3,G,Lib3_162X
171,162,G04,0.016489992494857823,Variant,4,G,Lib3_162X
172,162,G05,0.537977996291557,Variant,5,G,Lib3_162X
173,162,G06,0.03281726736839876,Variant,6,G,Lib3_162X
174,162,G07,-0.012150841041267126,Variant,7,G,Lib3_162X
175,162,G08,-0.007299819988041331,Variant,8,G,Lib3_162X
176,162,G09,0.01986967861516606,Variant,9,G,Lib3_162X
177,162,G10,-0.011696749775371775,Negative,10,G,Lib3_162X
178,162,G11,0.000667279695430283,Variant,11,G,Lib3_162X
179,162,G12,0.10638495907916472,Variant,12,G,Lib3_162X
180,162,H01,0.04786309681557377,Variant,1,H,Lib3_162X
181,162,H02,0.02335029773049465,Variant,2,H,Lib3_162X
182,162,H03,0.05906741488116374,Variant,3,H,Lib3_162X
183,162,H04,0.06655786348444892,Variant,4,H,Lib3_162X
184,162,H05,0.053515222128759754,Variant,5,H,Lib3_162X
185,162,H06,0.005318347797312191,Variant,6,H,Lib3_162X
186,162,H07,0.014540728820712088,Variant,7,H,Lib3_162X
187,162,H08,0.022069745160697887,Variant,8,H,Lib3_162X
188,162,H09,0.06842510685151489,Variant,9,H,Lib3_162X
189,162,H10,-0.019715077947072043,Negative,10,H,Lib3_162X
190,162,H11,0.05045607833423432,Variant,11,H,Lib3_162X
191,162,H12,1.046538530567382,Variant,12,H,Lib3_162X
192,184,A01,0.6338929456120195,Variant,1,A,Lib5_184X
193,184,A02,0.32216094234035053,Variant,2,A,Lib5_184X
194,184,A03,0.37238701152827935,Variant,3,A,Lib5_184X
195,184,A04,0.9963052277484313,Variant,4,A,Lib5_184X
196,184,A05,0.6464762931546443,Variant,5,A,Lib5_184X
197,184,A06,0.5354454674952693,Variant,6,A,Lib5_184X
198,184,A07,0.5409000724988389,Variant,7,A,Lib5_184X
199,184,A08,0.4620052154819057,Variant,8,A,Lib5_184X
200,184,A09,0.813855295948791,Variant,9,A,Lib5_184X
201,184,A10,0.4602667914877818,Parent,10,A,Lib5_184X
202,184,A11,0.04234111801360163,Variant,11,A,Lib5_184X
203,184,A12,0.9936032900556078,Variant,12,A,Lib5_184X
204,184,B01,0.3846488924503727,Variant,1,B,Lib5_184X
205,184,B02,0.3424199139894441,Variant,2,B,Lib5_184X
206,184,B03,0.3973492331899267,Variant,3,B,Lib5_184X
207,184,B04,0.2364063134319982,Variant,4,B,Lib5_184X
208,184,B05,0.6699177372061307,Variant,5,B,Lib5_184X
209,184,B06,0.10672659389202271,Variant,6,B,Lib5_184X
210,184,B07,0.6948059856016788,Variant,7,B,Lib5_184X
211,184,B08,0.841449620909505,Variant,8,B,Lib5_184X
212,184,B09,0.5543693642590475,Variant,9,B,Lib5_184X
213,184,B10,0.341783359834659,Parent,10,B,Lib5_184X
214,184,B11,0.15842316817125368,Variant,11,B,Lib5_184X
215,184,B12,0.8938434659673553,Variant,12,B,Lib5_184X
216,184,C01,0.032073723297263566,Variant,1,C,Lib5_184X
217,184,C02,0.03210611257047656,Variant,2,C,Lib5_184X
218,184,C03,0.7253153621074209,Variant,3,C,Lib5_184X
219,184,C04,1.1161545273393547,Variant,4,C,Lib5_184X
220,184,C05,0.613338763077685,Variant,5,C,Lib5_184X
221,184,C06,0.9733420046335796,Variant,6,C,Lib5_184X
222,184,C07,0.3758847215589784,Variant,7,C,Lib5_184X
223,184,C08,0.04087463319631213,Variant,8,C,Lib5_184X
224,184,C09,0.020402487321032593,Variant,9,C,Lib5_184X
225,184,C10,0.37880694640650603,Parent,10,C,Lib5_184X
226,184,C11,0.02077858752451857,Variant,11,C,Lib5_184X
227,184,C12,0.21539620033526208,Variant,12,C,Lib5_184X
228,184,D01,0.32528265748609086,Variant,1,D,Lib5_184X
229,184,D02,0.34129496765936185,Variant,2,D,Lib5_184X
230,184,D03,0.5703692021321631,Variant,3,D,Lib5_184X
231,184,D04,0.001122319869398366,Variant,4,D,Lib5_184X
232,184,D05,0.09670807577631868,Variant,5,D,Lib5_184X
233,184,D06,0.5949718451756449,Variant,6,D,Lib5_184X
234,184,D07,0.5065149595820571,Variant,7,D,Lib5_184X
235,184,D08,0.3787856719539611,Variant,8,D,Lib5_184X
236,184,D09,0.042288754009015495,Variant,9,D,Lib5_184X
237,184,D10,-0.013731820735213441,Parent,10,D,Lib5_184X
238,184,D11,0.06938724970095916,Variant,11,D,Lib5_184X
239,184,D12,0.012022421793488008,Variant,12,D,Lib5_184X
240,184,E01,0.6882900126398457,Variant,1,E,Lib5_184X
241,184,E02,0.42294540795071034,Variant,2,E,Lib5_184X
242,184,E03,0.3305636914546085,Variant,3,E,Lib5_184X
243,184,E04,0.3205805305417294,Variant,4,E,Lib5_184X
244,184,E05,0.08165188989211333,Variant,5,E,Lib5_184X
245,184,E06,0.5676223109438201,Variant,6,E,Lib5_184X
246,184,E07,0.033749556383266224,Variant,7,E,Lib5_184X
247,184,E08,0.35342257956290823,Variant,8,E,Lib5_184X
248,184,E09,0.02980523997645982,Variant,9,E,Lib5_184X
249,184,E10,-0.0055712161193403826,Sterile,10,E,Lib5_184X
250,184,E11,0.06300024636485466,Variant,11,E,Lib5_184X
251,184,E12,0.00349338236656121,Variant,12,E,Lib5_184X
252,184,F01,0.6653839185157711,Variant,1,F,Lib5_184X
253,184,F02,0.0004955978816493008,Variant,2,F,Lib5_184X
254,184,F03,0.5459642377880428,Variant,3,F,Lib5_184X
255,184,F04,0.5501573714736976,Variant,4,F,Lib5_184X
256,184,F05,0.3550182481101279,Variant,5,F,Lib5_184X
257,184,F06,0.9980970211226079,Variant,6,F,Lib5_184X
258,184,F07,0.5397540636225004,Variant,7,F,Lib5_184X
259,184,F08,0.39528732658007354,Variant,8,F,Lib5_184X
260,184,F09,-0.0039048335162249577,Variant,9,F,Lib5_184X
261,184,F10,0.009157453300255709,Negative,10,F,Lib5_184X
262,184,F11,0.029473116380693887,Variant,11,F,Lib5_184X
263,184,F12,0.06383664156845151,Variant,12,F,Lib5_184X
264,184,G01,0.1236836774692206,Variant,1,G,Lib5_184X
265,184,G02,0.49747677963847536,Variant,2,G,Lib5_184X
266,184,G03,0.0483489302935222,Variant,3,G,Lib5_184X
267,184,G04,0.48101951848821517,Variant,4,G,Lib5_184X
268,184,G05,0.9978072808141201,Variant,5,G,Lib5_184X
269,184,G06,0.0016830756103028005,Variant,6,G,Lib5_184X
270,184,G07,0.01340585367010646,Variant,7,G,Lib5_184X
271,184,G08,0.9516592641220589,Variant,8,G,Lib5_184X
272,184,G09,0.1882231964349389,Variant,9,G,Lib5_184X
273,184,G10,-0.0025832203203807955,Negative,10,G,Lib5_184X
274,184,G11,0.6961599337501475,Variant,11,G,Lib5_184X
275,184,G12,0.025693292955551332,Variant,12,G,Lib5_184X
276,184,H01,0.21520687707117764,Variant,1,H,Lib5_184X
277,184,H02,0.3839144514205764,Variant,2,H,Lib5_184X
278,184,H03,0.297146680707524,Variant,3,H,Lib5_184X
279,184,H04,0.3501228807308376,Variant,4,H,Lib5_184X
280,184,H05,0.6933671600057083,Variant,5,H,Lib5_184X
281,184,H06,0.9358338486107372,Variant,6,H,Lib5_184X
282,184,H07,0.5092460325659294,Variant,7,H,Lib5_184X
283,184,H08,0.010444302243365405,Variant,8,H,Lib5_184X
284,184,H09,0.6768930447014249,Variant,9,H,Lib5_184X
285,184,H10,0.016146321879447617,Negative,10,H,Lib5_184X
286,184,H11,0.5470833987383245,Variant,11,H,Lib5_184X
287,184,H12,0.13759774804318645,Variant,12,H,Lib5_184X
288,228,A01,0.3919009466700427,Variant,1,A,Lib6_228X
289,228,A02,0.015382530972710574,Variant,2,A,Lib6_228X
290,228,A03,0.003920812832307962,Variant,3,A,Lib6_228X
291,228,A04,0.02946163466685719,Variant,4,A,Lib6_228X
292,228,A05,0.010804537016695636,Variant,5,A,Lib6_228X
293,228,A06,0.017108404039798575,Variant,6,A,Lib6_228X
294,228,A07,0.2808486669695186,Variant,7,A,Lib6_228X
295,228,A08,0.006269328623869948,Variant,8,A,Lib6_228X
296,228,A09,-0.010318938999040718,Variant,9,A,Lib6_228X
297,228,A10,0.3231910062334806,Parent,10,A,Lib6_228X
298,228,A11,0.3863645522565547,Variant,11,A,Lib6_228X
299,228,A12,0.07973205813284959,Variant,12,A,Lib6_228X
300,228,B01,-0.012445074812102561,Variant,1,B,Lib6_228X
301,228,B02,0.019052170679994665,Variant,2,B,Lib6_228X
302,228,B03,0.0238957146396735,Variant,3,B,Lib6_228X
303,228,B04,0.01099447822347278,Variant,4,B,Lib6_228X
304,228,B05,-0.006738575810019818,Variant,5,B,Lib6_228X
305,228,B06,0.0005222154503508065,Variant,6,B,Lib6_228X
306,228,B07,0.02273975138146494,Variant,7,B,Lib6_228X
307,228,B08,0.38623930273151985,Variant,8,B,Lib6_228X
308,228,B09,0.011804606559357108,Variant,9,B,Lib6_228X
309,228,B10,0.2583289293799727,Parent,10,B,Lib6_228X
310,228,B11,0.38232719037787344,Variant,11,B,Lib6_228X
311,228,B12,0.024559124752407253,Variant,12,B,Lib6_228X
312,228,C01,-0.013643060207082322,Variant,1,C,Lib6_228X
313,228,C02,0.02754726810628881,Variant,2,C,Lib6_228X
314,228,C03,-0.014033500856195116,Variant,3,C,Lib6_228X
315,228,C04,0.06914861367611848,Variant,4,C,Lib6_228X
316,228,C05,0.00011544644152826009,Variant,5,C,Lib6_228X
317,228,C06,0.16016172604049794,Variant,6,C,Lib6_228X
318,228,C07,0.29818890256111447,Variant,7,C,Lib6_228X
319,228,C08,0.039834011220722984,Variant,8,C,Lib6_228X
320,228,C09,-0.009776410057339525,Variant,9,C,Lib6_228X
321,228,C10,0.2807904907297689,Parent,10,C,Lib6_228X
322,228,C11,0.010554760745666466,Variant,11,C,Lib6_228X
323,228,C12,-0.0015062068794726197,Variant,12,C,Lib6_228X
324,228,D01,0.31921027686413955,Variant,1,D,Lib6_228X
325,228,D02,-0.026216585763724865,Variant,2,D,Lib6_228X
326,228,D03,0.14099985067682705,Variant,3,D,Lib6_228X
327,228,D04,0.01123291862367587,Variant,4,D,Lib6_228X
328,228,D05,0.00293981811616207,Variant,5,D,Lib6_228X
329,228,D06,-0.0012567210798249588,Variant,6,D,Lib6_228X
330,228,D07,0.030819770559572503,Variant,7,D,Lib6_228X
331,228,D08,-0.010087525625071739,Variant,8,D,Lib6_228X
332,228,D09,0.10823039128001968,Variant,9,D,Lib6_228X
333,228,D10,0.2860867726517402,Parent,10,D,Lib6_228X
334,228,D11,0.01592935192439306,Variant,11,D,Lib6_228X
335,228,D12,-0.05267263727110955,Variant,12,D,Lib6_228X
336,228,E01,0.007484002063097576,Variant,1,E,Lib6_228X
337,228,E02,-0.003312836443228413,Variant,2,E,Lib6_228X
338,228,E03,-0.009602255188817944,Variant,3,E,Lib6_228X
339,228,E04,0.024625481628267304,Variant,4,E,Lib6_228X
340,228,E05,0.01751377754854505,Variant,5,E,Lib6_228X
341,228,E06,-0.00046014656355276157,Variant,6,E,Lib6_228X
342,228,E07,-0.004501024538838009,Variant,7,E,Lib6_228X
343,228,E08,-0.0233212948419975,Variant,8,E,Lib6_228X
344,228,E09,0.4904654350984159,Variant,9,E,Lib6_228X
345,228,E10,0.01759355397839669,Sterile,10,E,Lib6_228X
346,228,E11,0.31852381512549416,Variant,11,E,Lib6_228X
347,228,E12,-0.030292557433748823,Variant,12,E,Lib6_228X
348,228,F01,0.4186241458224498,Variant,1,F,Lib6_228X
349,228,F02,0.017127750190031047,Variant,2,F,Lib6_228X
350,228,F03,0.014337991841698863,Variant,3,F,Lib6_228X
351,228,F04,0.16010687856727884,Variant,4,F,Lib6_228X
352,228,F05,0.011899689504716586,Variant,5,F,Lib6_228X
353,228,F06,-0.008178807455988165,Variant,6,F,Lib6_228X
354,228,F07,-0.0053824821192598425,Variant,7,F,Lib6_228X
355,228,F08,0.08592852981897126,Variant,8,F,Lib6_228X
356,228,F09,0.030746122796512697,Variant,9,F,Lib6_228X
357,228,F10,-0.009654567484438107,Negative,10,F,Lib6_228X
358,228,F11,0.004757236604874569,Variant,11,F,Lib6_228X
359,228,F12,0.026157538931551455,Variant,12,F,Lib6_228X
360,228,G01,0.032662098030445424,Variant,1,G,Lib6_228X
361,228,G02,0.3130879584639584,Variant,2,G,Lib6_228X
362,228,G03,0.31307519459663763,Variant,3,G,Lib6_228X
363,228,G04,0.05601505165063214,Variant,4,G,Lib6_228X
364,228,G05,-0.005814955755059012,Variant,5,G,Lib6_228X
365,228,G06,0.007901816804697913,Variant,6,G,Lib6_228X
366,228,G07,-0.02438735670614356,Variant,7,G,Lib6_228X
367,228,G08,0.023927539877904365,Variant,8,G,Lib6_228X
368,228,G09,-0.014641129451202944,Variant,9,G,Lib6_228X
369,228,G10,-0.00045971610406385697,Negative,10,G,Lib6_228X
370,228,G11,0.38109321891018766,Variant,11,G,Lib6_228X
371,228,G12,0.009234838264204364,Variant,12,G,Lib6_228X
372,228,H01,0.38088405511573575,Variant,1,H,Lib6_228X
373,228,H02,0.05973209013995811,Variant,2,H,Lib6_228X
374,228,H03,0.002677509740878846,Variant,3,H,Lib6_228X
375,228,H04,0.0014655340260275856,Variant,4,H,Lib6_228X
376,228,H05,-0.018610675445861338,Variant,5,H,Lib6_228X
377,228,H06,-0.00508866565338753,Variant,6,H,Lib6_228X
378,228,H07,-0.002574584542608775,Variant,7,H,Lib6_228X
379,228,H08,-0.020208557293605073,Variant,8,H,Lib6_228X
380,228,H09,0.018141012192879467,Variant,9,H,Lib6_228X
381,228,H10,-0.03840931507243453,Negative,10,H,Lib6_228X
382,228,H11,0.01969098431275253,Variant,11,H,Lib6_228X
383,228,H12,-0.0004980041094369258,Variant,12,H,Lib6_228X
384,292,A01,0.029410577908845395,Variant,1,A,Lib7_292X
385,292,A02,0.321226409567405,Variant,2,A,Lib7_292X
386,292,A03,0.03566963419734448,Variant,3,A,Lib7_292X
387,292,A04,0.05225745098698391,Variant,4,A,Lib7_292X
388,292,A05,0.04214157548343421,Variant,5,A,Lib7_292X
389,292,A06,0.01268023293023866,Variant,6,A,Lib7_292X
390,292,A07,0.028168671398551136,Variant,7,A,Lib7_292X
391,292,A08,-0.0326916515305881,Variant,8,A,Lib7_292X
392,292,A09,-0.020123263021221673,Variant,9,A,Lib7_292X
393,292,A10,0.36674759565509496,Parent,10,A,Lib7_292X
394,292,A11,0.005547051078040531,Variant,11,A,Lib7_292X
395,292,A12,0.03884586513796522,Variant,12,A,Lib7_292X
396,292,B01,0.07363194124378705,Variant,1,B,Lib7_292X
397,292,B02,0.025128451334073994,Variant,2,B,Lib7_292X
398,292,B03,0.05315190249284296,Variant,3,B,Lib7_292X
399,292,B04,0.03143811301386172,Variant,4,B,Lib7_292X
400,292,B05,0.35415688118037447,Variant,5,B,Lib7_292X
401,292,B06,0.00854595132517515,Variant,6,B,Lib7_292X
402,292,B07,-0.015030576633627734,Variant,7,B,Lib7_292X
403,292,B08,-0.0024390775968268046,Variant,8,B,Lib7_292X
404,292,B09,0.028041350128764575,Variant,9,B,Lib7_292X
405,292,B10,0.3530467510708909,Parent,10,B,Lib7_292X
406,292,B11,0.0006693032897689922,Variant,11,B,Lib7_292X
407,292,B12,0.2756924707230168,Variant,12,B,Lib7_292X
408,292,C01,0.08699089535674664,Variant,1,C,Lib7_292X
409,292,C02,0.2535046997766943,Variant,2,C,Lib7_292X
410,292,C03,-0.011411502278936508,Variant,3,C,Lib7_292X
411,292,C04,0.028275945193272152,Variant,4,C,Lib7_292X
412,292,C05,0.017301383134094322,Variant,5,C,Lib7_292X
413,292,C06,0.014914468654985562,Variant,6,C,Lib7_292X
414,292,C07,0.02232874818126951,Variant,7,C,Lib7_292X
415,292,C08,0.06797752719813571,Variant,8,C,Lib7_292X
416,292,C09,0.17311908149344113,Variant,9,C,Lib7_292X
417,292,C10,0.3764440311214293,Parent,10,C,Lib7_292X
418,292,C11,0.35726489060497596,Variant,11,C,Lib7_292X
419,292,C12,0.2838379070632192,Variant,12,C,Lib7_292X
420,292,D01,0.05791794557995347,Variant,1,D,Lib7_292X
421,292,D02,0.009273787161967093,Variant,2,D,Lib7_292X
422,292,D03,-0.011256874197592736,Variant,3,D,Lib7_292X
423,292,D04,0.030053934287179236,Variant,4,D,Lib7_292X
424,292,D05,-0.011743468334217388,Variant,5,D,Lib7_292X
425,292,D06,0.15805817170654018,Variant,6,D,Lib7_292X
426,292,D07,-0.008219728595029596,Variant,7,D,Lib7_292X
427,292,D08,-0.010642367248785208,Variant,8,D,Lib7_292X
428,292,D09,0.18256630559216372,Variant,9,D,Lib7_292X
429,292,D10,0.37167658631859196,Parent,10,D,Lib7_292X
430,292,D11,0.007651962161351186,Variant,11,D,Lib7_292X
431,292,D12,0.038652299284881134,Variant,12,D,Lib7_292X
432,292,E01,0.40988562576110027,Variant,1,E,Lib7_292X
433,292,E02,0.014506566187736615,Variant,2,E,Lib7_292X
434,292,E03,0.4156326445740369,Variant,3,E,Lib7_292X
435,292,E04,0.2857910572645217,Variant,4,E,Lib7_292X
436,292,E05,0.029232328465232577,Variant,5,E,Lib7_292X
437,292,E06,-0.00848308662273108,Variant,6,E,Lib7_292X
438,292,E07,-0.0029595407666796565,Variant,7,E,Lib7_292X
439,292,E08,0.03831842358014906,Variant,8,E,Lib7_292X
440,292,E09,0.33187477041825475,Variant,9,E,Lib7_292X
441,292,E10,-0.014942611265897451,Sterile,10,E,Lib7_292X
442,292,E11,-0.00749298269439846,Variant,11,E,Lib7_292X
443,292,E12,0.08113541815124471,Variant,12,E,Lib7_292X
444,292,F01,0.007029514692643037,Variant,1,F,Lib7_292X
445,292,F02,0.03939064659432949,Variant,2,F,Lib7_292X
446,292,F03,0.16748049233022014,Variant,3,F,Lib7_292X
447,292,F04,-0.0016254870487470742,Variant,4,F,Lib7_292X
448,292,F05,0.02255485803592945,Variant,5,F,Lib7_292X
449,292,F06,-0.02260166634680802,Variant,6,F,Lib7_292X
450,292,F07,0.027549884350318132,Variant,7,F,Lib7_292X
451,292,F08,0.029212466242683012,Variant,8,F,Lib7_292X
452,292,F09,0.029497084893455355,Variant,9,F,Lib7_292X
453,292,F10,-0.019008387245654877,Negative,10,F,Lib7_292X
454,292,F11,0.026795553542222024,Variant,11,F,Lib7_292X
455,292,F12,0.07311310922255716,Variant,12,F,Lib7_292X
456,292,G01,0.07761852824004337,Variant,1,G,Lib7_292X
457,292,G02,-0.014994734880872756,Variant,2,G,Lib7_292X
458,292,G03,0.00302633908330821,Variant,3,G,Lib7_292X
459,292,G04,0.01370434169841149,Variant,4,G,Lib7_292X
460,292,G05,0.049017539116414634,Variant,5,G,Lib7_292X
461,292,G06,-0.041816893254921265,Variant,6,G,Lib7_292X
462,292,G07,0.020699404772922474,Variant,7,G,Lib7_292X
463,292,G08,0.0774236172969896,Variant,8,G,Lib7_292X
464,292,G09,0.00413221701260877,Variant,9,G,Lib7_292X
465,292,G10,-0.0061508511074847,Negative,10,G,Lib7_292X
466,292,G11,0.04864001980612889,Variant,11,G,Lib7_292X
467,292,G12,0.04867743754977302,Variant,12,G,Lib7_292X
468,292,H01,0.03337249954069637,Variant,1,H,Lib7_292X
469,292,H02,0.064744771557369,Variant,2,H,Lib7_292X
470,292,H03,0.015134081405811536,Variant,3,H,Lib7_292X
471,292,H04,0.025523000969882068,Variant,4,H,Lib7_292X
472,292,H05,-0.01894168055780699,Variant,5,H,Lib7_292X
473,292,H06,0.0013962677090325268,Variant,6,H,Lib7_292X
474,292,H07,0.20450783411982892,Variant,7,H,Lib7_292X
475,292,H08,0.0629120065978588,Variant,8,H,Lib7_292X
476,292,H09,0.0038323446034918295,Variant,9,H,Lib7_292X
477,292,H10,-0.04852382412632673,Negative,10,H,Lib7_292X
478,292,H11,0.11325459545871816,Variant,11,H,Lib7_292X
479,292,H12,0.32577883824114484,Variant,12,H,Lib7_292X
480,118,A01,0.24748367706879004,Variant,1,A,Lib2_118X
481,118,A02,0.11981926611179747,Variant,2,A,Lib2_118X
482,118,A03,0.14183406552425826,Variant,3,A,Lib2_118X
483,118,A04,0.15884868465293922,Variant,4,A,Lib2_118X
484,118,A05,0.3262505208486042,Variant,5,A,Lib2_118X
485,118,A06,0.127750481924528,Variant,6,A,Lib2_118X
486,118,A07,-0.007394255845942907,Variant,7,A,Lib2_118X
487,118,A08,0.2300326390233856,Variant,8,A,Lib2_118X
488,118,A09,0.45763965385187844,Variant,9,A,Lib2_118X
489,118,A10,0.43999909856005015,Parent,10,A,Lib2_118X
490,118,A11,0.010091801229280597,Variant,11,A,Lib2_118X
491,118,A12,-0.0049751049023472466,Variant,12,A,Lib2_118X
492,118,B01,0.16329076099375184,Variant,1,B,Lib2_118X
493,118,B02,0.31711177096150067,Variant,2,B,Lib2_118X
494,118,B03,0.39236123969009057,Variant,3,B,Lib2_118X
495,118,B04,0.2994164594296871,Variant,4,B,Lib2_118X
496,118,B05,0.41188677846556787,Variant,5,B,Lib2_118X
497,118,B06,-0.003910149093820912,Variant,6,B,Lib2_118X
498,118,B07,0.03226187565216555,Variant,7,B,Lib2_118X
499,118,B08,0.14007389471189013,Variant,8,B,Lib2_118X
500,118,B09,0.018911016785937096,Variant,9,B,Lib2_118X
501,118,B10,0.4335505303524927,Parent,10,B,Lib2_118X
502,118,B11,0.015974095214760554,Variant,11,B,Lib2_118X
503,118,B12,0.43395099466965315,Variant,12,B,Lib2_118X
504,118,C01,-0.03182083717001649,Variant,1,C,Lib2_118X
505,118,C02,0.1640193896393921,Variant,2,C,Lib2_118X
506,118,C03,0.035542238714334554,Variant,3,C,Lib2_118X
507,118,C04,0.007653673796720979,Variant,4,C,Lib2_118X
508,118,C05,0.37480712225372803,Variant,5,C,Lib2_118X
509,118,C06,0.00665282309789923,Variant,6,C,Lib2_118X
510,118,C07,-0.004935797515802207,Variant,7,C,Lib2_118X
511,118,C08,0.05014703350145218,Variant,8,C,Lib2_118X
512,118,C09,0.017767315362021932,Variant,9,C,Lib2_118X
513,118,C10,0.4169849621603874,Parent,10,C,Lib2_118X
514,118,C11,0.02774223007934,Variant,11,C,Lib2_118X
515,118,C12,0.47587459728752773,Variant,12,C,Lib2_118X
516,118,D01,0.11027353421196123,Variant,1,D,Lib2_118X
517,118,D02,0.17518800188564232,Variant,2,D,Lib2_118X
518,118,D03,0.11931989448767395,Variant,3,D,Lib2_118X
519,118,D04,0.006289548942561025,Variant,4,D,Lib2_118X
520,118,D05,0.1428062430104402,Variant,5,D,Lib2_118X
521,118,D06,0.0011252293681663704,Variant,6,D,Lib2_118X
522,118,D07,0.10969887050875876,Variant,7,D,Lib2_118X
523,118,D08,0.04214863871117416,Variant,8,D,Lib2_118X
524,118,D09,0.09336686724195778,Variant,9,D,Lib2_118X
525,118,D10,0.4078487610692133,Parent,10,D,Lib2_118X
526,118,D11,0.02665229763281022,Variant,11,D,Lib2_118X
527,118,D12,-0.044588974298765634,Variant,12,D,Lib2_118X
528,118,E01,0.4273788783324629,Variant,1,E,Lib2_118X
529,118,E02,-0.0005345259935178696,Variant,2,E,Lib2_118X
530,118,E03,0.383319674739105,Variant,3,E,Lib2_118X
531,118,E04,-0.0032985779009458774,Variant,4,E,Lib2_118X
532,118,E05,0.3736151335974325,Variant,5,E,Lib2_118X
533,118,E06,0.39814595634414496,Variant,6,E,Lib2_118X
534,118,E07,0.2005119022768116,Variant,7,E,Lib2_118X
535,118,E08,0.06272070394214645,Variant,8,E,Lib2_118X
536,118,E09,0.031907096096643515,Variant,9,E,Lib2_118X
537,118,E10,-0.015217763036752334,Sterile,10,E,Lib2_118X
538,118,E11,0.14016415591623438,Variant,11,E,Lib2_118X
539,118,E12,-0.020836798942090014,Variant,12,E,Lib2_118X
540,118,F01,0.03048363487759302,Variant,1,F,Lib2_118X
541,118,F02,0.4181275403235788,Variant,2,F,Lib2_118X
542,118,F03,0.02799445507068573,Variant,3,F,Lib2_118X
543,118,F04,0.17786416627473636,Variant,4,F,Lib2_118X
544,118,F05,0.012886553528076017,Variant,5,F,Lib2_118X
545,118,F06,0.5521800819034652,Variant,6,F,Lib2_118X
546,118,F07,-0.020547771723746347,Variant,7,F,Lib2_118X
547,118,F08,0.3961041248730365,Variant,8,F,Lib2_118X
548,118,F09,0.14285394241881216,Variant,9,F,Lib2_118X
549,118,F10,0.001191813092709723,Negative,10,F,Lib2_118X
550,118,F11,0.17672327642933555,Variant,11,F,Lib2_118X
551,118,F12,0.06795815533128273,Variant,12,F,Lib2_118X
552,118,G01,0.39126509090323947,Variant,1,G,Lib2_118X
553,118,G02,0.5362470811292028,Variant,2,G,Lib2_118X
554,118,G03,-0.006100851108139949,Variant,3,G,Lib2_118X
555,118,G04,-0.008409230484885438,Variant,4,G,Lib2_118X
556,118,G05,0.008952713543890035,Variant,5,G,Lib2_118X
557,118,G06,0.004706931256671903,Variant,6,G,Lib2_118X
558,118,G07,0.013911536772198422,Variant,7,G,Lib2_118X
559,118,G08,-0.01706614459870576,Variant,8,G,Lib2_118X
560,118,G09,0.0023963446927983928,Variant,9,G,Lib2_118X
561,118,G10,-0.012871858591636743,Negative,10,G,Lib2_118X
562,118,G11,0.036575940679940654,Variant,11,G,Lib2_118X
563,118,G12,0.4338525332052214,Variant,12,G,Lib2_118X
564,118,H01,0.20557665077359522,Variant,1,H,Lib2_118X
565,118,H02,0.029846766124635046,Variant,2,H,Lib2_118X
566,118,H03,0.013465165974557351,Variant,3,H,Lib2_118X
567,118,H04,-0.0386422857369397,Variant,4,H,Lib2_118X
568,118,H05,0.022085734203832554,Variant,5,H,Lib2_118X
569,118,H06,0.014538572666208656,Variant,6,H,Lib2_118X
570,118,H07,0.00533059994664722,Variant,7,H,Lib2_118X
571,118,H08,-0.0067443241996039335,Variant,8,H,Lib2_118X
572,118,H09,0.07558143335232745,Variant,9,H,Lib2_118X
573,118,H10,-0.028122645142504468,Negative,10,H,Lib2_118X
574,118,H11,-0.0007998230828902171,Variant,11,H,Lib2_118X
575,118,H12,0.015398131723451749,Variant,12,H,Lib2_118X
576,166,A01,0.01482898167659246,Variant,1,A,Lib4_166X
577,166,A02,0.13341693478095829,Variant,2,A,Lib4_166X
578,166,A03,0.09293816561763249,Variant,3,A,Lib4_166X
579,166,A04,0.13357980462033803,Variant,4,A,Lib4_166X
580,166,A05,0.060765141954520145,Variant,5,A,Lib4_166X
581,166,A06,0.0542849911114945,Variant,6,A,Lib4_166X
582,166,A07,0.15263010732175736,Variant,7,A,Lib4_166X
583,166,A08,0.04104669861515245,Variant,8,A,Lib4_166X
584,166,A09,0.1057764657933489,Variant,9,A,Lib4_166X
585,166,A10,0.33860062563797066,Parent,10,A,Lib4_166X
586,166,A11,0.11659082483975308,Variant,11,A,Lib4_166X
587,166,A12,0.16765171864952172,Variant,12,A,Lib4_166X
588,166,B01,0.10565323717042018,Variant,1,B,Lib4_166X
589,166,B02,0.07795759330903881,Variant,2,B,Lib4_166X
590,166,B03,0.3139444037517286,Variant,3,B,Lib4_166X
591,166,B04,-0.00858452480077828,Variant,4,B,Lib4_166X
592,166,B05,0.002858236298677321,Variant,5,B,Lib4_166X
593,166,B06,0.00898409189939716,Variant,6,B,Lib4_166X
594,166,B07,0.3351122085453635,Variant,7,B,Lib4_166X
595,166,B08,0.0030936878950357134,Variant,8,B,Lib4_166X
596,166,B09,0.11882974257010281,Variant,9,B,Lib4_166X
597,166,B10,0.3747359752404025,Parent,10,B,Lib4_166X
598,166,B11,0.36328412291187073,Variant,11,B,Lib4_166X
599,166,B12,0.3891901217960121,Variant,12,B,Lib4_166X
600,166,C01,0.10566938719496581,Variant,1,C,Lib4_166X
601,166,C02,0.32823007816229843,Variant,2,C,Lib4_166X
602,166,C03,0.009173410054131552,Variant,3,C,Lib4_166X
603,166,C04,0.2971775036933776,Variant,4,C,Lib4_166X
604,166,C05,0.15557966386763744,Variant,5,C,Lib4_166X
605,166,C06,0.039994847682558225,Variant,6,C,Lib4_166X
606,166,C07,0.01178542547963407,Variant,7,C,Lib4_166X
607,166,C08,0.06942310904882266,Variant,8,C,Lib4_166X
608,166,C09,0.07855595725233241,Variant,9,C,Lib4_166X
609,166,C10,0.36876120195355594,Parent,10,C,Lib4_166X
610,166,C11,0.01104302135211755,Variant,11,C,Lib4_166X
611,166,C12,0.021392420826709547,Variant,12,C,Lib4_166X
612,166,D01,0.1787930898103232,Variant,1,D,Lib4_166X
613,166,D02,-0.028294080867112943,Variant,2,D,Lib4_166X
614,166,D03,0.08612561006642945,Variant,3,D,Lib4_166X
615,166,D04,0.02876317492992933,Variant,4,D,Lib4_166X
616,166,D05,0.12139263846137946,Variant,5,D,Lib4_166X
617,166,D06,0.11966517365511743,Variant,6,D,Lib4_166X
618,166,D07,0.1911749555395778,Variant,7,D,Lib4_166X
619,166,D08,0.1589497879734293,Variant,8,D,Lib4_166X
620,166,D09,0.046013556529653714,Variant,9,D,Lib4_166X
621,166,D10,0.326836809250701,Parent,10,D,Lib4_166X
622,166,D11,0.07274207523201123,Variant,11,D,Lib4_166X
623,166,D12,0.032165246448143114,Variant,12,D,Lib4_166X
624,166,E01,0.06145342083929965,Variant,1,E,Lib4_166X
625,166,E02,0.0015956186711753905,Variant,2,E,Lib4_166X
626,166,E03,0.3933169410006099,Variant,3,E,Lib4_166X
627,166,E04,-0.028094335553239133,Variant,4,E,Lib4_166X
628,166,E05,0.3043992230032142,Variant,5,E,Lib4_166X
629,166,E06,0.021614089527512214,Variant,6,E,Lib4_166X
630,166,E07,0.15664877910244043,Variant,7,E,Lib4_166X
631,166,E08,0.1018988855186844,Variant,8,E,Lib4_166X
632,166,E09,0.14138545989157902,Variant,9,E,Lib4_166X
633,166,E10,-0.03333147283625983,Sterile,10,E,Lib4_166X
634,166,E11,0.0857474300365355,Variant,11,E,Lib4_166X
635,166,E12,0.014124374757529343,Variant,12,E,Lib4_166X
636,166,F01,0.06624563460406188,Variant,1,F,Lib4_166X
637,166,F02,0.3963727472469641,Variant,2,F,Lib4_166X
638,166,F03,0.026131304626206497,Variant,3,F,Lib4_166X
639,166,F04,0.07332413522348508,Variant,4,F,Lib4_166X
640,166,F05,0.2889361323767474,Variant,5,F,Lib4_166X
641,166,F06,0.048369597809028456,Variant,6,F,Lib4_166X
642,166,F07,0.15023245836090587,Variant,7,F,Lib4_166X
643,166,F08,0.08258972891358123,Variant,8,F,Lib4_166X
644,166,F09,0.17603349419238618,Variant,9,F,Lib4_166X
645,166,F10,-0.024570953476223553,Negative,10,F,Lib4_166X
646,166,F11,0.11376385800203231,Variant,11,F,Lib4_166X
647,166,F12,0.04442895343833238,Variant,12,F,Lib4_166X
648,166,G01,-0.027877925610797223,Variant,1,G,Lib4_166X
649,166,G02,0.04507758981886181,Variant,2,G,Lib4_166X
650,166,G03,0.10472148360773378,Variant,3,G,Lib4_166X
651,166,G04,0.06173923292553496,Variant,4,G,Lib4_166X
652,166,G05,0.04544095792370804,Variant,5,G,Lib4_166X
653,166,G06,0.008225018485978432,Variant,6,G,Lib4_166X
654,166,G07,0.1608266630939801,Variant,7,G,Lib4_166X
655,166,G08,0.08013143483115867,Variant,8,G,Lib4_166X
656,166,G09,0.0313310064400648,Variant,9,G,Lib4_166X
657,166,G10,-0.0077259782069059955,Negative,10,G,Lib4_166X
658,166,G11,0.11001709049496468,Variant,11,G,Lib4_166X
659,166,G12,0.15829911754397274,Variant,12,G,Lib4_166X
660,166,H01,0.01019258259884585,Variant,1,H,Lib4_166X
661,166,H02,-0.0010905026348675684,Variant,2,H,Lib4_166X
662,166,H03,0.038167521820847546,Variant,3,H,Lib4_166X
663,166,H04,0.05552330706416836,Variant,4,H,Lib4_166X
664,166,H05,0.022171266992591827,Variant,5,H,Lib4_166X
665,166,H06,0.07223303627331731,Variant,6,H,Lib4_166X
666,166,H07,0.15742834523945926,Variant,7,H,Lib4_166X
667,166,H08,0.2315296284692032,Variant,8,H,Lib4_166X
668,166,H09,0.23908648520770537,Variant,9,H,Lib4_166X
669,166,H10,-0.021374407432813377,Negative,10,H,Lib4_166X
670,166,H11,0.0211993645759181,Variant,11,H,Lib4_166X
671,166,H12,0.11966446175781456,Variant,12,H,Lib4_166X
672,301,A01,0.0382137754080689,Variant,1,A,Lib8_301X
673,301,A02,0.037866106500441754,Variant,2,A,Lib8_301X
674,301,A03,0.05727173662258911,Variant,3,A,Lib8_301X
675,301,A04,0.07735591260955353,Variant,4,A,Lib8_301X
676,301,A05,0.07496845249940076,Variant,5,A,Lib8_301X
677,301,A06,-0.0007226158251445926,Variant,6,A,Lib8_301X
678,301,A07,0.04274118472079685,Variant,7,A,Lib8_301X
679,301,A08,0.01303151932134326,Variant,8,A,Lib8_301X
680,301,A09,0.013091061449315947,Variant,9,A,Lib8_301X
681,301,A10,0.5452780220410685,Parent,10,A,Lib8_301X
682,301,A11,0.07839708880522327,Variant,11,A,Lib8_301X
683,301,A12,0.05873842480601704,Variant,12,A,Lib8_301X
684,301,B01,0.02287372935407144,Variant,1,B,Lib8_301X
685,301,B02,0.33910681620533967,Variant,2,B,Lib8_301X
686,301,B03,0.013640734373951193,Variant,3,B,Lib8_301X
687,301,B04,0.03044873884638718,Variant,4,B,Lib8_301X
688,301,B05,0.06114522491821053,Variant,5,B,Lib8_301X
689,301,B06,-0.020052560983746175,Variant,6,B,Lib8_301X
690,301,B07,-6.805229918932867e-05,Variant,7,B,Lib8_301X
691,301,B08,0.013167203390301934,Variant,8,B,Lib8_301X
692,301,B09,0.03168084962016008,Variant,9,B,Lib8_301X
693,301,B10,0.5327944344078346,Parent,10,B,Lib8_301X
694,301,B11,0.0165252085893101,Variant,11,B,Lib8_301X
695,301,B12,0.010701894683366684,Variant,12,B,Lib8_301X
696,301,C01,-0.030950957666249702,Variant,1,C,Lib8_301X
697,301,C02,0.008325742913994925,Variant,2,C,Lib8_301X
698,301,C03,0.01034914285846189,Variant,3,C,Lib8_301X
699,301,C04,-0.009090009856000036,Variant,4,C,Lib8_301X
700,301,C05,0.01225560770330015,Variant,5,C,Lib8_301X
701,301,C06,0.05962117111415826,Variant,6,C,Lib8_301X
702,301,C07,0.007373215751536077,Variant,7,C,Lib8_301X
703,301,C08,-0.003965466312944102,Variant,8,C,Lib8_301X
704,301,C09,0.4653381772870845,Variant,9,C,Lib8_301X
705,301,C10,0.44479983446648813,Parent,10,C,Lib8_301X
706,301,C11,0.024116801463274964,Variant,11,C,Lib8_301X
707,301,C12,0.33606687029221727,Variant,12,C,Lib8_301X
708,301,D01,-0.0032049294853204965,Variant,1,D,Lib8_301X
709,301,D02,-0.004144322730298315,Variant,2,D,Lib8_301X
710,301,D03,0.5412468019139984,Variant,3,D,Lib8_301X
711,301,D04,0.0017719706429416594,Variant,4,D,Lib8_301X
712,301,D05,-0.007253724307389514,Variant,5,D,Lib8_301X
713,301,D06,0.028693342828567822,Variant,6,D,Lib8_301X
714,301,D07,0.5507007468010454,Variant,7,D,Lib8_301X
715,301,D08,0.03143264021122407,Variant,8,D,Lib8_301X
716,301,D09,0.008509231036835959,Variant,9,D,Lib8_301X
717,301,D10,0.4389509024199921,Parent,10,D,Lib8_301X
718,301,D11,-0.009162554188710762,Variant,11,D,Lib8_301X
719,301,D12,-0.04594522713277455,Variant,12,D,Lib8_301X
720,301,E01,0.07426865115925649,Variant,1,E,Lib8_301X
721,301,E02,0.4295014825369856,Variant,2,E,Lib8_301X
722,301,E03,0.023951687374825188,Variant,3,E,Lib8_301X
723,301,E04,0.5202618772694817,Variant,4,E,Lib8_301X
724,301,E05,0.17072328452487834,Variant,5,E,Lib8_301X
725,301,E06,0.0010682358126672927,Variant,6,E,Lib8_301X
726,301,E07,0.5246407637016784,Variant,7,E,Lib8_301X
727,301,E08,-0.0017205809044755522,Variant,8,E,Lib8_301X
728,301,E09,0.036749881294654174,Variant,9,E,Lib8_301X
729,301,E10,-0.016784381909829834,Sterile,10,E,Lib8_301X
730,301,E11,-0.021486891815804293,Variant,11,E,Lib8_301X
731,301,E12,0.012748963392787636,Variant,12,E,Lib8_301X
732,301,F01,0.0016202496471323675,Variant,1,F,Lib8_301X
733,301,F02,0.028103748392625885,Variant,2,F,Lib8_301X
734,301,F03,0.06081355142961495,Variant,3,F,Lib8_301X
735,301,F04,0.034358526845695764,Variant,4,F,Lib8_301X
736,301,F05,0.01940080528668788,Variant,5,F,Lib8_301X
737,301,F06,0.025310444288015686,Variant,6,F,Lib8_301X
738,301,F07,0.04985420207045359,Variant,7,F,Lib8_301X
739,301,F08,0.027649723767419178,Variant,8,F,Lib8_301X
740,301,F09,0.5481922341291297,Variant,9,F,Lib8_301X
741,301,F10,-0.011239922203697815,Negative,10,F,Lib8_301X
742,301,F11,0.35009905189769963,Variant,11,F,Lib8_301X
743,301,F12,-0.0088861842102673,Variant,12,F,Lib8_301X
744,301,G01,0.01691331379681471,Variant,1,G,Lib8_301X
745,301,G02,0.025787821241439773,Variant,2,G,Lib8_301X
746,301,G03,0.03150138970746992,Variant,3,G,Lib8_301X
747,301,G04,0.46042917855597354,Variant,4,G,Lib8_301X
748,301,G05,0.03725220960843622,Variant,5,G,Lib8_301X
749,301,G06,0.0020753284197819943,Variant,6,G,Lib8_301X
750,301,G07,0.015710533312319745,Variant,7,G,Lib8_301X
751,301,G08,0.010474885228464494,Variant,8,G,Lib8_301X
752,301,G09,0.045094060384717916,Variant,9,G,Lib8_301X
753,301,G10,0.49340272107506344,Negative,10,G,Lib8_301X
754,301,G11,-0.0031334893656339096,Variant,11,G,Lib8_301X
755,301,G12,0.45869646305280276,Variant,12,G,Lib8_301X
756,301,H01,-0.015086785507835836,Variant,1,H,Lib8_301X
757,301,H02,0.02909775043915431,Variant,2,H,Lib8_301X
758,301,H03,0.05549786172303806,Variant,3,H,Lib8_301X
759,301,H04,0.05321469328074274,Variant,4,H,Lib8_301X
760,301,H05,0.029816476388061727,Variant,5,H,Lib8_301X
761,301,H06,0.050209865615277426,Variant,6,H,Lib8_301X
762,301,H07,0.028603063599376158,Variant,7,H,Lib8_301X
763,301,H08,0.1177400997588543,Variant,8,H,Lib8_301X
764,301,H09,0.03402992897105318,Variant,9,H,Lib8_301X
765,301,H10,0.010225666846951895,Negative,10,H,Lib8_301X
766,301,H11,-0.011769014018031067,Variant,11,H,Lib8_301X
767,301,H12,-0.02486778182670547,Variant,12,H,Lib8_301X
