IndexPlate,Plate,Well,AaPosition,Aa,AlignmentFrequency,WellSeqDepth,Flags
DI01,Lib1_105X,A01,105,R,0.987012987012987,77,
DI01,Lib1_105X,A02,105,D,1.0,43,
DI01,Lib1_105X,A03,105,W,0.9818181818181818,55,
DI01,Lib1_105X,A04,105,E,1.0,57,
DI01,Lib1_105X,A05,105,P,0.9710144927536232,69,
DI01,Lib1_105X,A06,105,L,0.9875,80,
DI01,Lib1_105X,A07,105,Y,0.9620253164556962,79,
DI01,Lib1_105X,A08,105,F,0.8,10,
DI01,Lib1_105X,A09,105,C,0.9807692307692307,52,
DI01,Lib1_105X,A10,105,E,1.0,57,
DI01,Lib1_105X,A11,105,E,1.0,68,
DI01,Lib1_105X,A12,105,C,0.9787234042553191,47,
DI01,Lib1_105X,B01,105,S,0.98,50,
DI01,Lib1_105X,B02,105,A,1.0,6,
DI01,Lib1_105X,B02,179,T,0.75,8,Unexpected Variation
DI01,Lib1_105X,B03,105,S,0.8571428571428571,7,
DI01,Lib1_105X,B03,166,I,0.75,8,Unexpected Variation
DI01,Lib1_105X,B04,105,M,1.0,27,
DI01,Lib1_105X,B04,177,L,0.7916666666666666,24,Unexpected Variation
DI01,Lib1_105X,B05,105,T,1.0,11,
DI01,Lib1_105X,B06,105,E,1.0,2,
DI01,Lib1_105X,B07,105,M,0.967741935483871,31,
DI01,Lib1_105X,B08,105,A,0.8125,16,
DI01,Lib1_105X,B09,105,E,1.0,21,
DI01,Lib1_105X,B10,105,E,1.0,57,
DI01,Lib1_105X,B11,105,H,0.9354838709677419,31,
DI01,Lib1_105X,B12,105,C,0.9,40,
DI01,Lib1_105X,C01,105,W,0.9344262295081968,61,
DI01,Lib1_105X,C02,105,Q,0.9,20,
DI01,Lib1_105X,C03,105,T,1.0,33,
DI01,Lib1_105X,C04,105,W,0.9285714285714286,14,
DI01,Lib1_105X,C05,105,W,0.9666666666666667,30,
DI01,Lib1_105X,C06,105,T,0.9534883720930233,43,
DI01,Lib1_105X,C07,105,F,0.9848484848484849,66,
DI01,Lib1_105X,C08,105,F,0.9473684210526315,19,
DI01,Lib1_105X,C08,190,P,0.75,16,Unexpected Variation
DI01,Lib1_105X,C09,105,L,0.8888888888888888,27,
DI01,Lib1_105X,C10,97,M,0.75,24,Unexpected Variation
DI01,Lib1_105X,C10,105,E,1.0,42,
DI01,Lib1_105X,C11,105,H,0.9821428571428571,56,
DI01,Lib1_105X,C12,#DEAD#,#DEAD#,0.0,56,#DEAD#
DI01,Lib1_105X,D01,105,V,0.9354838709677419,31,
DI01,Lib1_105X,D02,105,C,0.9230769230769231,26,
DI01,Lib1_105X,D03,105,C,1.0,16,
DI01,Lib1_105X,D04,#DEAD#,#DEAD#,0.0,8,#DEAD#
DI01,Lib1_105X,D05,#DEAD#,#DEAD#,0.0,1,#DEAD#
DI01,Lib1_105X,D06,105,S,0.967741935483871,31,
DI01,Lib1_105X,D07,105,K,1.0,30,
DI01,Lib1_105X,D08,105,E,1.0,26,
DI01,Lib1_105X,D09,#DEAD#,#DEAD#,0.0,8,#DEAD#
DI01,Lib1_105X,D10,105,E,1.0,14,
DI01,Lib1_105X,D10,186,S,0.75,8,Unexpected Variation
DI01,Lib1_105X,D11,105,K,1.0,14,
DI01,Lib1_105X,D11,173,W,0.75,12,Unexpected Variation
DI01,Lib1_105X,D12,105,C,0.9615384615384616,26,
DI01,Lib1_105X,E01,105,Q,0.9333333333333333,30,
DI01,Lib1_105X,E02,105,M,0.9565217391304348,23,
DI01,Lib1_105X,E03,105,K,0.95,20,
DI01,Lib1_105X,E04,105,E,0.9615384615384616,26,
DI01,Lib1_105X,E05,105,T,1.0,37,
DI01,Lib1_105X,E06,105,S,0.9473684210526315,38,
DI01,Lib1_105X,E07,105,W,0.9534883720930233,43,
DI01,Lib1_105X,E08,105,C,0.9795918367346939,49,
DI01,Lib1_105X,E09,105,P,1.0,36,
DI01,Lib1_105X,E10,97,M,0.7777777777777778,18,Unexpected Variation
DI01,Lib1_105X,E10,105,P,0.9,20,
DI01,Lib1_105X,E11,105,I,0.8333333333333334,30,
DI01,Lib1_105X,E12,105,V,0.9772727272727273,44,
DI01,Lib1_105X,F01,#DEAD#,#DEAD#,0.0,44,#DEAD#
DI01,Lib1_105X,F02,105,N,0.9322033898305084,59,
DI01,Lib1_105X,F03,105,N,0.6153846153846154,39,
DI01,Lib1_105X,F04,105,W,0.9714285714285714,35,
DI01,Lib1_105X,F05,105,K,1.0,28,
DI01,Lib1_105X,F06,105,G,0.8484848484848485,33,
DI01,Lib1_105X,F07,105,Y,0.9285714285714286,56,
DI01,Lib1_105X,F08,97,M,0.7647058823529411,17,Unexpected Variation
DI01,Lib1_105X,F08,105,S,0.95,20,
DI01,Lib1_105X,F09,#DEAD#,#DEAD#,0.0,43,#DEAD#
DI01,Lib1_105X,F10,105,L,1.0,27,
DI01,Lib1_105X,F11,105,L,0.972972972972973,37,
DI01,Lib1_105X,F12,105,F,0.8837209302325582,43,
DI01,Lib1_105X,G01,105,F,0.9722222222222222,36,
DI01,Lib1_105X,G02,105,S,0.9649122807017544,57,
DI01,Lib1_105X,G03,105,N,0.9464285714285714,56,
DI01,Lib1_105X,G04,105,M,0.972972972972973,37,
DI01,Lib1_105X,G05,105,E,1.0,18,
DI01,Lib1_105X,G06,105,T,0.9024390243902439,41,
DI01,Lib1_105X,G07,105,L,0.9333333333333333,45,
DI01,Lib1_105X,G08,105,V,0.9545454545454546,22,
DI01,Lib1_105X,G09,105,M,0.9285714285714286,14,
DI01,Lib1_105X,G10,#DEAD#,#DEAD#,0.0,9,#DEAD#
DI01,Lib1_105X,G11,105,V,0.9130434782608695,23,
DI01,Lib1_105X,G12,105,A,1.0,35,
DI01,Lib1_105X,H01,105,F,0.9541284403669725,109,
DI01,Lib1_105X,H02,105,M,0.9830508474576272,59,
DI01,Lib1_105X,H03,105,E,0.7547169811320755,53,
DI01,Lib1_105X,H04,105,V,0.9552238805970149,67,
DI01,Lib1_105X,H05,105,L,0.9473684210526315,57,
DI01,Lib1_105X,H06,105,G,1.0,86,
DI01,Lib1_105X,H07,105,Q,0.9482758620689655,58,
DI01,Lib1_105X,H08,105,V,0.9215686274509803,51,
DI01,Lib1_105X,H09,105,F,0.9545454545454546,66,
DI01,Lib1_105X,H10,#DEAD#,#DEAD#,0.0,1,#DEAD#
DI01,Lib1_105X,H11,105,F,1.0,70,
DI01,Lib1_105X,H12,105,L,0.9591836734693877,49,
DI02,Lib2_118X,A01,118,V,0.8507462686567164,67,
DI02,Lib2_118X,A02,118,C,0.48484848484848486,33,
DI02,Lib2_118X,A03,118,I,0.9871794871794872,78,
DI02,Lib2_118X,A04,118,C,1.0,168,
DI02,Lib2_118X,A05,118,C,0.6785714285714286,140,
DI02,Lib2_118X,A06,118,G,0.9324324324324325,74,
DI02,Lib2_118X,A07,118,Y,0.9606299212598425,127,
DI02,Lib2_118X,A08,#DEAD#,#DEAD#,0.0,91,#DEAD#
DI02,Lib2_118X,A09,118,A,1.0,139,
DI02,Lib2_118X,A10,118,A,1.0,169,
DI02,Lib2_118X,A11,118,D,0.975609756097561,82,
DI02,Lib2_118X,A12,118,Y,0.9626168224299065,107,
DI02,Lib2_118X,B01,118,I,0.967479674796748,123,
DI02,Lib2_118X,B02,118,C,0.5777777777777777,45,
DI02,Lib2_118X,B03,118,A,0.9861111111111112,72,
DI02,Lib2_118X,B04,118,V,0.9047619047619048,42,
DI02,Lib2_118X,B05,118,A,1.0,127,
DI02,Lib2_118X,B06,118,Y,0.9821428571428571,56,
DI02,Lib2_118X,B07,118,L,0.989010989010989,91,
DI02,Lib2_118X,B08,118,G,0.9821428571428571,112,
DI02,Lib2_118X,B09,118,M,0.9487179487179487,117,
DI02,Lib2_118X,B10,118,A,1.0,44,
DI02,Lib2_118X,B11,118,R,1.0,61,
DI02,Lib2_118X,B12,118,A,1.0,169,
DI02,Lib2_118X,C01,118,W,0.978494623655914,93,
DI02,Lib2_118X,C02,118,I,0.9761904761904762,84,
DI02,Lib2_118X,C03,118,A,1.0,40,
DI02,Lib2_118X,C04,118,L,1.0,39,
DI02,Lib2_118X,C05,118,S,0.9411764705882353,51,
DI02,Lib2_118X,C06,118,M,0.9836065573770492,122,
DI02,Lib2_118X,C07,105,F,0.6666666666666666,3,Unexpected Variation
DI02,Lib2_118X,C07,118,A,1.0,3,
DI02,Lib2_118X,C08,118,P,0.9775280898876404,89,
DI02,Lib2_118X,C09,118,D,0.9908256880733946,109,
DI02,Lib2_118X,C10,118,A,1.0,112,
DI02,Lib2_118X,C11,118,L,0.9930555555555556,144,
DI02,Lib2_118X,C12,118,A,1.0,86,
DI02,Lib2_118X,D01,118,G,0.9923664122137404,131,
DI02,Lib2_118X,D02,118,I,1.0,74,
DI02,Lib2_118X,D03,#DEAD#,#DEAD#,0.0,1,#DEAD#
DI02,Lib2_118X,D04,#DEAD#,#DEAD#,0.0,0,#DEAD#
DI02,Lib2_118X,D05,#DEAD#,#DEAD#,0.0,1,#DEAD#
DI02,Lib2_118X,D06,118,F,0.9818181818181818,55,
DI02,Lib2_118X,D07,118,G,1.0,77,
DI02,Lib2_118X,D08,#DEAD#,#DEAD#,0.0,1,#DEAD#
DI02,Lib2_118X,D09,118,P,0.9883720930232558,86,
DI02,Lib2_118X,D10,118,A,1.0,102,
DI02,Lib2_118X,D11,118,W,0.9545454545454546,22,
DI02,Lib2_118X,D12,#DEAD#,#DEAD#,0.0,135,#DEAD#
DI02,Lib2_118X,E01,118,A,1.0,141,
DI02,Lib2_118X,E02,118,L,1.0,38,
DI02,Lib2_118X,E03,118,V,0.9696969696969697,33,
DI02,Lib2_118X,E03,164,G,0.9705882352941176,34,Unexpected Variation
DI02,Lib2_118X,E04,118,Q,1.0,80,
DI02,Lib2_118X,E05,118,V,0.961038961038961,77,
DI02,Lib2_118X,E06,118,S,1.0,87,
DI02,Lib2_118X,E07,118,V,0.8918918918918919,37,
DI02,Lib2_118X,E08,118,N,0.9516129032258065,62,
DI02,Lib2_118X,E09,118,D,0.8571428571428571,70,
DI02,Lib2_118X,E10,118,E,0.9482758620689655,58,
DI02,Lib2_118X,E11,118,G,0.9866666666666667,75,
DI02,Lib2_118X,E12,118,K,0.96,75,
DI02,Lib2_118X,F01,118,K,1.0,67,
DI02,Lib2_118X,F02,118,A,1.0,19,
DI02,Lib2_118X,F03,118,D,0.9662921348314607,89,
DI02,Lib2_118X,F04,118,C,0.9818181818181818,110,
DI02,Lib2_118X,F05,#DEAD#,#DEAD#,0.0,105,#DEAD#
DI02,Lib2_118X,F06,118,T,0.9761904761904762,42,
DI02,Lib2_118X,F07,118,W,0.9838709677419355,62,
DI02,Lib2_118X,F08,118,S,1.0,152,
DI02,Lib2_118X,F09,118,P,1.0,40,
DI02,Lib2_118X,F10,118,W,0.9318181818181818,44,
DI02,Lib2_118X,F11,118,C,1.0,44,
DI02,Lib2_118X,F12,118,P,0.979381443298969,97,
DI02,Lib2_118X,G01,118,A,0.6741573033707865,89,
DI02,Lib2_118X,G02,118,T,0.9759036144578314,83,
DI02,Lib2_118X,G02,183,V,0.7,30,Unexpected Variation
DI02,Lib2_118X,G03,118,N,0.9863013698630136,73,
DI02,Lib2_118X,G04,118,N,0.9833333333333333,120,
DI02,Lib2_118X,G05,118,L,0.9813084112149533,107,
DI02,Lib2_118X,G06,118,H,0.9344262295081968,122,
DI02,Lib2_118X,G07,118,E,0.9215686274509803,51,
DI02,Lib2_118X,G08,118,F,0.9731543624161074,149,
DI02,Lib2_118X,G09,118,F,0.9888888888888889,90,
DI02,Lib2_118X,G10,118,A,0.594059405940594,101,
DI02,Lib2_118X,G11,118,W,0.84,25,
DI02,Lib2_118X,G12,118,S,0.8181818181818182,22,
DI02,Lib2_118X,H01,118,I,0.9936305732484076,157,
DI02,Lib2_118X,H02,118,F,0.9921259842519685,127,
DI02,Lib2_118X,H03,118,Y,0.9629629629629629,108,
DI02,Lib2_118X,H04,118,M,0.9766081871345029,171,
DI02,Lib2_118X,H05,118,L,0.9885714285714285,175,
DI02,Lib2_118X,H06,118,Y,0.9748427672955975,159,
DI02,Lib2_118X,H07,118,W,0.9533333333333334,150,
DI02,Lib2_118X,H08,118,R,0.9937888198757764,161,
DI02,Lib2_118X,H09,118,P,0.9716312056737588,141,
DI02,Lib2_118X,H10,118,P,0.9624060150375939,133,
DI02,Lib2_118X,H11,#DEAD#,#DEAD#,0.0,1,#DEAD#
DI02,Lib2_118X,H12,118,K,0.921875,64,
DI03,Lib3_162X,A01,162,I,0.9904306220095693,209,
DI03,Lib3_162X,A02,162,W,0.9921259842519685,127,
DI03,Lib3_162X,A03,162,C,1.0,98,
DI03,Lib3_162X,A04,162,Q,0.9878048780487805,164,
DI03,Lib3_162X,A05,162,W,0.9753086419753086,162,
DI03,Lib3_162X,A06,162,L,1.0,110,
DI03,Lib3_162X,A07,162,D,0.9779005524861878,181,
DI03,Lib3_162X,A08,162,L,0.9902912621359223,103,
DI03,Lib3_162X,A09,162,W,0.9651162790697675,172,
DI03,Lib3_162X,A10,162,L,0.993103448275862,145,
DI03,Lib3_162X,A11,162,F,0.9761904761904762,126,
DI03,Lib3_162X,A12,162,D,0.9891304347826086,184,
DI03,Lib3_162X,B01,162,W,1.0,144,
DI03,Lib3_162X,B02,162,V,0.9813084112149533,107,
DI03,Lib3_162X,B03,162,K,0.987012987012987,77,
DI03,Lib3_162X,B04,162,N,1.0,161,
DI03,Lib3_162X,B05,162,A,1.0,104,
DI03,Lib3_162X,B06,162,Q,0.993103448275862,145,
DI03,Lib3_162X,B07,162,I,0.9926470588235294,136,
DI03,Lib3_162X,B08,162,F,0.9574468085106383,94,
DI03,Lib3_162X,B09,162,M,0.5368421052631579,95,
DI03,Lib3_162X,B10,162,L,1.0,62,
DI03,Lib3_162X,B11,162,A,0.9702970297029703,101,
DI03,Lib3_162X,B12,162,C,0.9848484848484849,198,
DI03,Lib3_162X,C01,162,L,1.0,117,
DI03,Lib3_162X,C02,162,A,1.0,106,
DI03,Lib3_162X,C03,162,N,1.0,106,
DI03,Lib3_162X,C04,162,W,1.0,64,
DI03,Lib3_162X,C05,162,L,1.0,70,
DI03,Lib3_162X,C06,162,N,0.9864864864864865,74,
DI03,Lib3_162X,C07,162,V,0.96875,64,
DI03,Lib3_162X,C08,#DEAD#,#DEAD#,0.0,50,#DEAD#
DI03,Lib3_162X,C09,162,P,1.0,81,
DI03,Lib3_162X,C10,162,L,1.0,80,
DI03,Lib3_162X,C11,162,Y,1.0,49,
DI03,Lib3_162X,C12,162,C,0.9642857142857143,140,
DI03,Lib3_162X,D01,162,Y,0.978494623655914,93,
DI03,Lib3_162X,D02,162,H,1.0,58,
DI03,Lib3_162X,D03,162,L,1.0,52,
DI03,Lib3_162X,D04,162,W,1.0,56,
DI03,Lib3_162X,D05,162,G,1.0,69,
DI03,Lib3_162X,D06,162,H,0.9797979797979798,99,
DI03,Lib3_162X,D07,162,E,0.8709677419354839,31,
DI03,Lib3_162X,D08,162,L,1.0,88,
DI03,Lib3_162X,D09,162,R,1.0,118,
DI03,Lib3_162X,D10,162,L,1.0,62,
DI03,Lib3_162X,D11,#DEAD#,#DEAD#,0.0,113,#DEAD#
DI03,Lib3_162X,D12,162,Y,0.9625,80,
DI03,Lib3_162X,E01,162,S,1.0,61,
DI03,Lib3_162X,E02,162,A,0.9318181818181818,44,
DI03,Lib3_162X,E03,162,L,1.0,30,
DI03,Lib3_162X,E04,162,K,1.0,43,
DI03,Lib3_162X,E05,162,F,1.0,58,
DI03,Lib3_162X,E06,162,E,1.0,103,
DI03,Lib3_162X,E07,162,Y,0.9900990099009901,101,
DI03,Lib3_162X,E08,162,V,0.8804347826086957,92,
DI03,Lib3_162X,E09,162,R,0.9916666666666667,120,
DI03,Lib3_162X,E10,162,D,0.9452054794520548,146,
DI03,Lib3_162X,E11,162,S,0.9897959183673469,98,
DI03,Lib3_162X,E12,#DEAD#,#DEAD#,0.0,129,#DEAD#
DI03,Lib3_162X,F01,#DEAD#,#DEAD#,0.0,2,#DEAD#
DI03,Lib3_162X,F02,162,V,0.9876543209876543,162,
DI03,Lib3_162X,F03,162,Y,0.9603960396039604,101,
DI03,Lib3_162X,F04,162,S,0.9821428571428571,112,
DI03,Lib3_162X,F05,162,V,0.9833333333333333,60,
DI03,Lib3_162X,F06,162,S,0.9947089947089947,189,
DI03,Lib3_162X,F07,162,H,0.9925373134328358,134,
DI03,Lib3_162X,F08,162,L,0.98,100,
DI03,Lib3_162X,F09,97,M,0.794392523364486,107,Unexpected Variation
DI03,Lib3_162X,F09,162,V,0.9859154929577465,142,
DI03,Lib3_162X,F10,162,W,0.9586776859504132,121,
DI03,Lib3_162X,F11,162,F,0.9682539682539683,63,
DI03,Lib3_162X,F12,162,C,0.864406779661017,177,
DI03,Lib3_162X,G01,162,R,1.0,96,
DI03,Lib3_162X,G02,162,D,0.9803921568627451,153,
DI03,Lib3_162X,G03,162,I,0.978021978021978,91,
DI03,Lib3_162X,G04,162,V,0.9930555555555556,144,
DI03,Lib3_162X,G05,162,F,0.9915966386554622,119,
DI03,Lib3_162X,G06,162,A,1.0,123,
DI03,Lib3_162X,G07,162,G,1.0,159,
DI03,Lib3_162X,G08,162,E,0.9882352941176471,85,
DI03,Lib3_162X,G09,162,T,0.9516129032258065,62,
DI03,Lib3_162X,G10,162,D,1.0,149,
DI03,Lib3_162X,G11,162,R,0.993421052631579,152,
DI03,Lib3_162X,G12,162,L,1.0,125,
DI03,Lib3_162X,H01,162,E,0.9906103286384976,213,
DI03,Lib3_162X,H02,162,T,0.9912280701754386,114,
DI03,Lib3_162X,H03,#DEAD#,#DEAD#,0.0,131,#DEAD#
DI03,Lib3_162X,H04,162,Y,0.9854014598540146,137,
DI03,Lib3_162X,H05,162,E,0.9925373134328358,134,
DI03,Lib3_162X,H06,162,Y,0.9875,160,
DI03,Lib3_162X,H07,162,L,1.0,6,
DI03,Lib3_162X,H07,166,C,0.7142857142857143,7,Unexpected Variation
DI03,Lib3_162X,H08,162,G,0.9810126582278481,158,
DI03,Lib3_162X,H09,162,S,1.0,153,
DI03,Lib3_162X,H10,162,V,0.6923076923076923,13,
DI03,Lib3_162X,H11,162,N,0.9328859060402684,149,
DI03,Lib3_162X,H12,162,M,0.9837837837837838,185,
DI04,Lib4_166X,A01,#DEAD#,#DEAD#,0.0,166,#DEAD#
DI04,Lib4_166X,A02,166,T,1.0,72,
DI04,Lib4_166X,A03,166,Y,1.0,116,
DI04,Lib4_166X,A04,166,C,0.9949238578680203,197,
DI04,Lib4_166X,A05,166,S,0.9779005524861878,181,
DI04,Lib4_166X,A06,166,H,0.9770114942528736,174,
DI04,Lib4_166X,A07,166,C,0.9798994974874372,199,
DI04,Lib4_166X,A08,166,S,1.0,135,
DI04,Lib4_166X,A09,166,L,0.9767441860465116,129,
DI04,Lib4_166X,A10,166,I,1.0,140,
DI04,Lib4_166X,A11,166,L,0.9751552795031055,161,
DI04,Lib4_166X,A12,166,C,0.9903846153846154,104,
DI04,Lib4_166X,B01,166,Q,0.9724770642201835,109,
DI04,Lib4_166X,B02,154,S,0.9809523809523809,105,Unexpected Variation
DI04,Lib4_166X,B02,166,Q,0.9690721649484536,97,
DI04,Lib4_166X,B03,166,V,0.9702970297029703,101,
DI04,Lib4_166X,B04,166,W,0.9896907216494846,97,
DI04,Lib4_166X,B05,166,K,0.9918032786885246,122,
DI04,Lib4_166X,B06,166,E,0.9883720930232558,86,
DI04,Lib4_166X,B07,166,V,0.9848484848484849,132,
DI04,Lib4_166X,B08,166,N,0.9813084112149533,107,
DI04,Lib4_166X,B09,166,L,0.9758064516129032,124,
DI04,Lib4_166X,B10,166,I,1.0,124,
DI04,Lib4_166X,B11,166,I,1.0,71,
DI04,Lib4_166X,B12,166,V,0.9924242424242424,132,
DI04,Lib4_166X,C01,166,L,0.9801980198019802,101,
DI04,Lib4_166X,C02,166,V,0.9880952380952381,84,
DI04,Lib4_166X,C03,166,K,0.9927007299270073,137,
DI04,Lib4_166X,C04,166,I,0.9880952380952381,84,
DI04,Lib4_166X,C05,166,T,0.9875,160,
DI04,Lib4_166X,C06,166,E,0.7222222222222222,144,
DI04,Lib4_166X,C07,166,P,0.9745762711864406,118,
DI04,Lib4_166X,C08,166,S,0.9923664122137404,131,
DI04,Lib4_166X,C09,166,K,1.0,91,
DI04,Lib4_166X,C10,166,I,1.0,151,
DI04,Lib4_166X,C11,166,K,1.0,91,
DI04,Lib4_166X,C12,166,P,0.963963963963964,111,
DI04,Lib4_166X,D01,166,C,0.9829059829059829,117,
DI04,Lib4_166X,D02,166,D,1.0,88,
DI04,Lib4_166X,D03,166,M,1.0,18,
DI04,Lib4_166X,D04,166,Y,0.9855072463768116,69,
DI04,Lib4_166X,D05,166,L,0.9705882352941176,68,
DI04,Lib4_166X,D06,166,F,0.9710144927536232,69,
DI04,Lib4_166X,D07,166,L,0.9807692307692307,104,
DI04,Lib4_166X,D08,166,T,1.0,99,
DI04,Lib4_166X,D09,166,Y,1.0,109,
DI04,Lib4_166X,D10,166,I,0.9863013698630136,73,
DI04,Lib4_166X,D11,166,H,0.9523809523809523,21,
DI04,Lib4_166X,D12,166,Y,1.0,108,
DI04,Lib4_166X,E01,166,C,0.993006993006993,143,
DI04,Lib4_166X,E02,166,R,1.0,76,
DI04,Lib4_166X,E03,166,V,1.0,62,
DI04,Lib4_166X,E04,166,P,1.0,57,
DI04,Lib4_166X,E05,166,I,1.0,84,
DI04,Lib4_166X,E06,166,W,0.9904761904761905,105,
DI04,Lib4_166X,E07,166,M,1.0,116,
DI04,Lib4_166X,E08,166,Q,0.9789473684210527,95,
DI04,Lib4_166X,E09,166,F,0.975609756097561,82,
DI04,Lib4_166X,E10,166,F,0.9736842105263158,38,
DI04,Lib4_166X,E11,166,L,0.990990990990991,111,
DI04,Lib4_166X,E12,166,H,1.0,86,
DI04,Lib4_166X,F01,166,E,0.9808917197452229,157,
DI04,Lib4_166X,F02,166,V,1.0,121,
DI04,Lib4_166X,F03,166,S,1.0,39,
DI04,Lib4_166X,F04,166,G,0.9870967741935484,155,
DI04,Lib4_166X,F05,166,I,1.0,175,
DI04,Lib4_166X,F06,166,C,0.9830508474576272,118,
DI04,Lib4_166X,F07,166,L,0.9844961240310077,129,
DI04,Lib4_166X,F08,166,G,0.9857142857142858,140,
DI04,Lib4_166X,F09,166,C,0.9933333333333333,150,
DI04,Lib4_166X,F10,#DEAD#,#DEAD#,0.0,1,#DEAD#
DI04,Lib4_166X,F11,166,G,0.9550561797752809,89,
DI04,Lib4_166X,F12,#DEAD#,#DEAD#,0.0,135,#DEAD#
DI04,Lib4_166X,G01,#DEAD#,#DEAD#,0.0,113,#DEAD#
DI04,Lib4_166X,G02,166,Y,1.0,101,
DI04,Lib4_166X,G03,166,L,0.9871794871794872,78,
DI04,Lib4_166X,G04,#DEAD#,#DEAD#,0.0,3,#DEAD#
DI04,Lib4_166X,G05,166,Y,1.0,146,
DI04,Lib4_166X,G06,166,D,0.9922480620155039,129,
DI04,Lib4_166X,G07,166,F,0.9761904761904762,84,
DI04,Lib4_166X,G08,166,Y,1.0,130,
DI04,Lib4_166X,G09,166,P,0.9894736842105263,95,
DI04,Lib4_166X,G10,#DEAD#,#DEAD#,0.0,3,#DEAD#
DI04,Lib4_166X,G11,166,M,1.0,94,
DI04,Lib4_166X,G12,166,F,0.9896907216494846,97,
DI04,Lib4_166X,H01,166,S,0.9851851851851852,135,
DI04,Lib4_166X,H02,166,P,0.9831932773109243,119,
DI04,Lib4_166X,H03,166,Y,0.987012987012987,154,
DI04,Lib4_166X,H04,166,L,0.5925925925925926,108,
DI04,Lib4_166X,H05,166,Y,0.9827586206896551,116,
DI04,Lib4_166X,H06,166,L,0.972027972027972,143,
DI04,Lib4_166X,H07,166,T,0.9836956521739131,184,
DI04,Lib4_166X,H08,166,I,1.0,210,
DI04,Lib4_166X,H09,166,V,0.975,120,
DI04,Lib4_166X,H10,166,K,0.9698795180722891,166,
DI04,Lib4_166X,H11,166,P,0.9703703703703703,135,
DI04,Lib4_166X,H12,166,S,0.9193548387096774,62,
DI05,Lib5_184X,A01,184,N,0.9789473684210527,95,
DI05,Lib5_184X,A02,184,Q,1.0,47,
DI05,Lib5_184X,A03,184,G,0.978494623655914,93,
DI05,Lib5_184X,A04,184,M,0.9878048780487805,82,
DI05,Lib5_184X,A05,184,C,0.9864864864864865,74,
DI05,Lib5_184X,A06,184,V,0.9905660377358491,106,
DI05,Lib5_184X,A07,184,V,0.9701492537313433,134,
DI05,Lib5_184X,A08,184,G,0.96875,96,
DI05,Lib5_184X,A09,184,L,1.0,55,
DI05,Lib5_184X,A10,184,F,1.0,93,
DI05,Lib5_184X,A11,184,R,1.0,125,
DI05,Lib5_184X,A12,#DEAD#,#DEAD#,0.0,8,#DEAD#
DI05,Lib5_184X,B01,184,T,0.9863013698630136,73,
DI05,Lib5_184X,B02,184,H,1.0,25,
DI05,Lib5_184X,B03,97,M,0.7916666666666666,24,Unexpected Variation
DI05,Lib5_184X,B03,184,F,1.0,30,
DI05,Lib5_184X,B04,184,D,0.9555555555555556,45,
DI05,Lib5_184X,B05,184,N,1.0,32,
DI05,Lib5_184X,B06,184,E,0.9878048780487805,82,
DI05,Lib5_184X,B07,184,C,0.9827586206896551,116,
DI05,Lib5_184X,B08,184,L,0.9632352941176471,136,
DI05,Lib5_184X,B09,184,V,0.9864864864864865,74,
DI05,Lib5_184X,B10,184,F,1.0,61,
DI05,Lib5_184X,B11,184,P,1.0,46,
DI05,Lib5_184X,B12,184,M,0.75,12,
DI05,Lib5_184X,C01,162,I,0.6666666666666666,3,Unexpected Variation
DI05,Lib5_184X,C01,184,F,1.0,3,
DI05,Lib5_184X,C02,184,N,0.9210526315789473,38,
DI05,Lib5_184X,C03,184,C,0.8571428571428571,42,
DI05,Lib5_184X,C04,184,I,0.9807692307692307,52,
DI05,Lib5_184X,C05,97,M,0.7631578947368421,38,Unexpected Variation
DI05,Lib5_184X,C05,184,S,0.96,50,
DI05,Lib5_184X,C06,184,M,0.9534883720930233,86,
DI05,Lib5_184X,C07,184,G,1.0,54,
DI05,Lib5_184X,C08,184,H,1.0,24,
DI05,Lib5_184X,C09,184,K,1.0,24,
DI05,Lib5_184X,C10,184,F,1.0,46,
DI05,Lib5_184X,C11,184,Y,1.0,75,
DI05,Lib5_184X,C12,#DEAD#,#DEAD#,0.0,4,#DEAD#
DI05,Lib5_184X,D01,184,Q,1.0,42,
DI05,Lib5_184X,D02,184,T,1.0,9,
DI05,Lib5_184X,D03,184,P,0.9523809523809523,42,
DI05,Lib5_184X,D04,184,K,0.975609756097561,41,
DI05,Lib5_184X,D05,184,Y,0.9642857142857143,56,
DI05,Lib5_184X,D06,184,V,0.9861111111111112,72,
DI05,Lib5_184X,D07,184,V,0.9629629629629629,27,
DI05,Lib5_184X,D08,184,F,1.0,61,
DI05,Lib5_184X,D09,184,K,1.0,41,
DI05,Lib5_184X,D10,184,F,1.0,17,
DI05,Lib5_184X,D11,#DEAD#,#DEAD#,0.0,18,#DEAD#
DI05,Lib5_184X,D12,#DEAD#,#DEAD#,0.0,9,#DEAD#
DI05,Lib5_184X,E01,184,L,0.9347826086956522,46,
DI05,Lib5_184X,E02,184,V,0.9705882352941176,68,
DI05,Lib5_184X,E03,184,G,0.96875,32,
DI05,Lib5_184X,E04,184,T,1.0,36,
DI05,Lib5_184X,E05,184,R,0.972972972972973,37,
DI05,Lib5_184X,E06,184,P,0.9848484848484849,66,
DI05,Lib5_184X,E07,184,R,0.9863013698630136,73,
DI05,Lib5_184X,E08,184,F,1.0,60,
DI05,Lib5_184X,E09,#DEAD#,#DEAD#,0.0,5,#DEAD#
DI05,Lib5_184X,E10,#DEAD#,#DEAD#,0.0,1,#DEAD#
DI05,Lib5_184X,E11,#DEAD#,#DEAD#,0.0,4,#DEAD#
DI05,Lib5_184X,E12,184,D,0.9,10,
DI05,Lib5_184X,F01,184,C,1.0,55,
DI05,Lib5_184X,F02,184,K,1.0,45,
DI05,Lib5_184X,F03,184,N,0.9761904761904762,42,
DI05,Lib5_184X,F04,184,V,0.9782608695652174,46,
DI05,Lib5_184X,F05,184,F,1.0,66,
DI05,Lib5_184X,F06,184,I,1.0,73,
DI05,Lib5_184X,F07,184,S,0.9883720930232558,86,
DI05,Lib5_184X,F08,184,F,1.0,58,
DI05,Lib5_184X,F09,#DEAD#,#DEAD#,0.0,85,#DEAD#
DI05,Lib5_184X,F10,184,F,1.0,29,
DI05,Lib5_184X,F11,184,G,1.0,93,
DI05,Lib5_184X,F12,#DEAD#,#DEAD#,0.0,6,#DEAD#
DI05,Lib5_184X,G01,184,K,0.6885245901639344,61,
DI05,Lib5_184X,G02,184,A,0.9895833333333334,96,
DI05,Lib5_184X,G03,184,R,1.0,61,
DI05,Lib5_184X,G04,184,V,0.9907407407407407,108,
DI05,Lib5_184X,G05,184,M,0.9896907216494846,97,
DI05,Lib5_184X,G06,184,R,0.9886363636363636,88,
DI05,Lib5_184X,G07,184,R,1.0,64,
DI05,Lib5_184X,G08,184,M,0.9882352941176471,85,
DI05,Lib5_184X,G09,184,W,0.9655172413793104,116,
DI05,Lib5_184X,G10,184,N,0.4,20,
DI05,Lib5_184X,G11,184,L,0.9411764705882353,17,
DI05,Lib5_184X,G12,#DEAD#,#DEAD#,0.0,5,#DEAD#
DI05,Lib5_184X,H01,184,W,1.0,129,
DI05,Lib5_184X,H02,184,G,0.9629629629629629,81,
DI05,Lib5_184X,H03,184,Q,1.0,132,
DI05,Lib5_184X,H04,184,F,1.0,107,
DI05,Lib5_184X,H05,184,L,0.978494623655914,93,
DI05,Lib5_184X,H06,184,I,0.9921259842519685,127,
DI05,Lib5_184X,H07,184,V,0.9719626168224299,107,
DI05,Lib5_184X,H08,170,L,0.75,4,Unexpected Variation
DI05,Lib5_184X,H08,173,W,0.75,4,Unexpected Variation
DI05,Lib5_184X,H08,184,F,1.0,5,
DI05,Lib5_184X,H09,184,L,1.0,128,
DI05,Lib5_184X,H10,184,S,0.9782608695652174,92,
DI05,Lib5_184X,H11,184,C,0.8571428571428571,56,
DI05,Lib5_184X,H12,184,V,0.9682539682539683,63,
DI06,Lib6_228X,A01,228,N,0.9802371541501976,253,
DI06,Lib6_228X,A02,228,Q,1.0,230,
DI06,Lib6_228X,A03,#DEAD#,#DEAD#,0.0,1,#DEAD#
DI06,Lib6_228X,A04,#DEAD#,#DEAD#,0.0,2,#DEAD#
DI06,Lib6_228X,A05,#DEAD#,#DEAD#,0.0,2,#DEAD#
DI06,Lib6_228X,A06,#DEAD#,#DEAD#,0.0,1,#DEAD#
DI06,Lib6_228X,A07,228,S,0.9773584905660377,265,
DI06,Lib6_228X,A08,228,V,0.9955555555555555,225,
DI06,Lib6_228X,A09,228,I,0.9822222222222222,225,
DI06,Lib6_228X,A10,228,S,0.9877551020408163,245,
DI06,Lib6_228X,A11,228,G,0.9867256637168141,226,
DI06,Lib6_228X,A12,228,D,0.9822485207100592,169,
DI06,Lib6_228X,B01,228,Y,0.985,200,
DI06,Lib6_228X,B02,228,I,0.9913793103448276,116,
DI06,Lib6_228X,B03,228,K,0.9621212121212122,132,
DI06,Lib6_228X,B04,228,K,0.9738562091503268,153,
DI06,Lib6_228X,B05,228,V,0.9931506849315068,146,
DI06,Lib6_228X,B06,#DEAD#,#DEAD#,0.0,2,#DEAD#
DI06,Lib6_228X,B07,#DEAD#,#DEAD#,0.0,333,#DEAD#
DI06,Lib6_228X,B08,228,N,0.975609756097561,164,
DI06,Lib6_228X,B09,228,K,0.9679144385026738,187,
DI06,Lib6_228X,B10,228,S,0.9758454106280193,207,
DI06,Lib6_228X,B11,228,N,1.0,183,
DI06,Lib6_228X,B12,228,S,1.0,4,
DI06,Lib6_228X,C01,#DEAD#,#DEAD#,0.0,2,#DEAD#
DI06,Lib6_228X,C02,228,L,0.9949238578680203,197,
DI06,Lib6_228X,C03,#DEAD#,#DEAD#,0.0,2,#DEAD#
DI06,Lib6_228X,C05,#DEAD#,#DEAD#,0.0,0,#DEAD#
DI06,Lib6_228X,C06,228,C,0.9859649122807017,285,
DI06,Lib6_228X,C07,228,S,0.9819004524886877,221,
DI06,Lib6_228X,C08,228,T,0.9785407725321889,233,
DI06,Lib6_228X,C09,228,R,1.0,185,
DI06,Lib6_228X,C10,228,S,0.9783549783549783,231,
DI06,Lib6_228X,C11,228,V,0.9887640449438202,267,
DI06,Lib6_228X,C12,228,M,0.9748953974895398,239,
DI06,Lib6_228X,D04,228,F,1.0,240,
DI06,Lib6_228X,D05,#DEAD#,#DEAD#,0.0,160,#DEAD#
DI06,Lib6_228X,D06,228,H,0.980544747081712,257,
DI06,Lib6_228X,D07,228,R,1.0,207,
DI06,Lib6_228X,D08,228,R,1.0,191,
DI06,Lib6_228X,D09,228,C,0.9921259842519685,127,
DI06,Lib6_228X,D10,228,S,0.9909502262443439,221,
DI06,Lib6_228X,D11,228,Q,0.991304347826087,230,
DI06,Lib6_228X,D12,228,S,0.978021978021978,182,
DI06,Lib6_228X,E01,228,R,0.9915254237288136,236,
DI06,Lib6_228X,E02,228,L,0.9883720930232558,86,
DI06,Lib6_228X,E03,228,F,0.9849246231155779,199,
DI06,Lib6_228X,E04,228,M,0.9938271604938271,162,
DI06,Lib6_228X,E05,228,T,0.994535519125683,183,
DI06,Lib6_228X,E06,228,D,0.989010989010989,273,
DI06,Lib6_228X,E07,228,I,0.9813084112149533,214,
DI06,Lib6_228X,E08,228,W,0.9918032786885246,244,
DI06,Lib6_228X,E09,228,A,0.9953051643192489,213,
DI06,Lib6_228X,E11,228,S,0.9863013698630136,146,
DI06,Lib6_228X,E12,228,L,0.9911111111111112,225,
DI06,Lib6_228X,F01,228,G,0.9877551020408163,245,
DI06,Lib6_228X,F02,228,V,0.995,200,
DI06,Lib6_228X,F03,228,M,0.9715639810426541,211,
DI06,Lib6_228X,F04,228,C,0.9837837837837838,185,
DI06,Lib6_228X,F05,228,M,0.9753086419753086,162,
DI06,Lib6_228X,F06,#DEAD#,#DEAD#,0.0,2,#DEAD#
DI06,Lib6_228X,F07,228,L,0.9890909090909091,275,
DI06,Lib6_228X,F08,228,C,0.9902439024390244,205,
DI06,Lib6_228X,F09,228,P,0.9833333333333333,180,
DI06,Lib6_228X,F10,#DEAD#,#DEAD#,0.0,0,#DEAD#
DI06,Lib6_228X,F12,228,E,0.9722222222222222,252,
DI06,Lib6_228X,G01,228,V,0.967741935483871,31,
DI06,Lib6_228X,G02,228,S,0.97,200,
DI06,Lib6_228X,G03,228,S,0.9861751152073732,217,
DI06,Lib6_228X,G04,228,S,1.0,2,
DI06,Lib6_228X,G04,248,I,0.5,2,Unexpected Variation
DI06,Lib6_228X,G05,228,E,0.9610894941634242,257,
DI06,Lib6_228X,G06,228,Y,0.9523809523809523,21,
DI06,Lib6_228X,G07,228,V,0.9942196531791907,173,
DI06,Lib6_228X,G08,228,K,0.9691119691119691,259,
DI06,Lib6_228X,G09,228,M,0.9636363636363636,165,
DI06,Lib6_228X,G10,#DEAD#,#DEAD#,0.0,0,#DEAD#
DI06,Lib6_228X,G11,228,N,0.9836601307189542,306,
DI06,Lib6_228X,G12,228,F,0.9846153846153847,130,
DI06,Lib6_228X,H01,228,N,0.9808917197452229,157,
DI06,Lib6_228X,H02,#DEAD#,#DEAD#,0.0,0,#DEAD#
DI06,Lib6_228X,H03,228,M,1.0,95,
DI06,Lib6_228X,H04,228,I,0.9866666666666667,150,
DI06,Lib6_228X,H05,228,V,0.9939759036144579,166,
DI06,Lib6_228X,H06,228,P,0.9803149606299213,254,
DI06,Lib6_228X,H07,228,R,1.0,80,
DI06,Lib6_228X,H08,228,W,0.987012987012987,154,
DI06,Lib6_228X,H09,228,D,0.71875,160,
DI06,Lib6_228X,H10,#DEAD#,#DEAD#,0.0,1,#DEAD#
DI06,Lib6_228X,H11,228,V,0.970873786407767,103,
DI06,Lib6_228X,H12,#DEAD#,#DEAD#,0.0,197,#DEAD#
DI07,Lib7_292X,A01,#DEAD#,#DEAD#,0.0,129,#DEAD#
DI07,Lib7_292X,A02,292,S,0.9866666666666667,150,
DI07,Lib7_292X,A03,292,V,0.8823529411764706,17,
DI07,Lib7_292X,A04,292,G,0.9594594594594594,74,
DI07,Lib7_292X,A05,292,L,0.9603174603174603,126,
DI07,Lib7_292X,A06,#DEAD#,#DEAD#,0.0,46,#DEAD#
DI07,Lib7_292X,A07,292,V,0.9385474860335196,179,
DI07,Lib7_292X,A08,#DEAD#,#DEAD#,0.0,117,#DEAD#
DI07,Lib7_292X,A09,292,I,0.9071428571428571,140,
DI07,Lib7_292X,A10,292,S,1.0,79,
DI07,Lib7_292X,A11,292,F,0.92,50,
DI07,Lib7_292X,A12,#DEAD#,#DEAD#,0.0,109,#DEAD#
DI07,Lib7_292X,B01,228,S,0.4444444444444444,9,Unexpected Variation
DI07,Lib7_292X,B01,292,L,0.4444444444444444,9,
DI07,Lib7_292X,B01,296,S,0.7142857142857143,7,Unexpected Variation
DI07,Lib7_292X,B02,292,N,0.9444444444444444,36,
DI07,Lib7_292X,B03,292,R,1.0,41,
DI07,Lib7_292X,B04,292,F,0.75,60,
DI07,Lib7_292X,B05,292,S,0.9777777777777777,45,
DI07,Lib7_292X,B06,292,W,1.0,83,
DI07,Lib7_292X,B07,#DEAD#,#DEAD#,0.0,192,#DEAD#
DI07,Lib7_292X,B08,#DEAD#,#DEAD#,0.0,79,#DEAD#
DI07,Lib7_292X,B09,292,M,0.9921875,128,
DI07,Lib7_292X,B10,292,S,1.0,59,
DI07,Lib7_292X,B11,292,S,1.0,2,
DI07,Lib7_292X,B11,301,H,1.0,2,Unexpected Variation
DI07,Lib7_292X,B12,292,S,0.9866071428571429,224,
DI07,Lib7_292X,C01,292,G,0.9425287356321839,87,
DI07,Lib7_292X,C02,#DEAD#,#DEAD#,0.0,2,#DEAD#
DI07,Lib7_292X,C03,292,E,0.9841269841269841,126,
DI07,Lib7_292X,C04,292,P,1.0,68,
DI07,Lib7_292X,C05,292,M,0.9530201342281879,149,
DI07,Lib7_292X,C06,292,V,0.9253731343283582,134,
DI07,Lib7_292X,C07,292,L,0.9202453987730062,163,
DI07,Lib7_292X,C08,#DEAD#,#DEAD#,0.0,0,#DEAD#
DI07,Lib7_292X,C09,#DEAD#,#DEAD#,0.0,2,#DEAD#
DI07,Lib7_292X,C10,#DEAD#,#DEAD#,0.0,3,#DEAD#
DI07,Lib7_292X,C11,292,S,1.0,235,
DI07,Lib7_292X,C12,292,T,0.9621621621621622,185,
DI07,Lib7_292X,D01,#DEAD#,#DEAD#,0.0,1,#DEAD#
DI07,Lib7_292X,D02,#DEAD#,#DEAD#,0.0,4,#DEAD#
DI07,Lib7_292X,D03,#DEAD#,#DEAD#,0.0,1,#DEAD#
DI07,Lib7_292X,D04,#DEAD#,#DEAD#,0.0,0,#DEAD#
DI07,Lib7_292X,D05,292,V,0.9642857142857143,28,
DI07,Lib7_292X,D06,292,A,0.9318181818181818,44,
DI07,Lib7_292X,D07,292,V,0.9512195121951219,41,
DI07,Lib7_292X,D08,292,V,0.8653846153846154,52,
DI07,Lib7_292X,D09,292,A,1.0,141,
DI07,Lib7_292X,D10,292,S,0.9895833333333334,96,
DI07,Lib7_292X,D11,292,Q,0.9777777777777777,135,
DI07,Lib7_292X,D12,292,K,0.9900990099009901,101,
DI07,Lib7_292X,E01,292,S,1.0,156,
DI07,Lib7_292X,E02,#DEAD#,#DEAD#,0.0,29,#DEAD#
DI07,Lib7_292X,E03,292,S,1.0,86,
DI07,Lib7_292X,E04,292,T,0.9833333333333333,60,
DI07,Lib7_292X,E05,292,G,0.9148936170212766,47,
DI07,Lib7_292X,E06,292,I,0.9574468085106383,94,
DI07,Lib7_292X,E07,292,W,1.0,102,
DI07,Lib7_292X,E08,292,L,0.9903846153846154,104,
DI07,Lib7_292X,E09,292,T,0.9871794871794872,78,
DI07,Lib7_292X,E10,292,M,0.8080808080808081,99,
DI07,Lib7_292X,E11,292,V,0.9705882352941176,68,
DI07,Lib7_292X,E12,292,K,0.9896373056994818,193,
DI07,Lib7_292X,F01,#DEAD#,#DEAD#,0.0,1,#DEAD#
DI07,Lib7_292X,F02,292,V,0.9054054054054054,74,
DI07,Lib7_292X,F03,292,R,0.9905660377358491,212,
DI07,Lib7_292X,F04,292,Y,0.9805825242718447,103,
DI07,Lib7_292X,F05,292,N,0.6578947368421053,114,
DI07,Lib7_292X,F06,292,E,0.9840425531914894,188,
DI07,Lib7_292X,F07,#DEAD#,#DEAD#,0.0,0,#DEAD#
DI07,Lib7_292X,F08,292,N,0.9696969696969697,132,
DI07,Lib7_292X,F09,292,F,0.7671232876712328,73,
DI07,Lib7_292X,F10,292,G,1.0,132,
DI07,Lib7_292X,F11,#DEAD#,#DEAD#,0.0,1,#DEAD#
DI07,Lib7_292X,F12,292,G,0.9948186528497409,193,
DI07,Lib7_292X,G01,292,L,0.953757225433526,173,
DI07,Lib7_292X,G02,292,W,0.9968454258675079,317,
DI07,Lib7_292X,G03,292,I,0.9891304347826086,184,
DI07,Lib7_292X,G04,292,F,0.8592592592592593,135,
DI07,Lib7_292X,G05,292,P,0.9750778816199377,321,
DI07,Lib7_292X,G06,#DEAD#,#DEAD#,0.0,257,#DEAD#
DI07,Lib7_292X,G07,#DEAD#,#DEAD#,0.0,2,#DEAD#
DI07,Lib7_292X,G08,#DEAD#,#DEAD#,0.0,2,#DEAD#
DI07,Lib7_292X,G09,292,V,0.9402985074626866,201,
DI07,Lib7_292X,G10,292,G,1.0,189,
DI07,Lib7_292X,G11,292,L,0.9473684210526315,228,
DI07,Lib7_292X,G12,292,R,0.9836065573770492,305,
DI07,Lib7_292X,H01,292,I,0.9421965317919075,173,
DI07,Lib7_292X,H02,292,N,0.9811320754716981,106,
DI07,Lib7_292X,H03,292,E,0.9629629629629629,54,
DI07,Lib7_292X,H04,292,P,0.9111111111111111,45,
DI07,Lib7_292X,H05,292,L,0.9322033898305084,236,
DI07,Lib7_292X,H06,292,F,0.8571428571428571,147,
DI07,Lib7_292X,H07,#DEAD#,#DEAD#,0.0,2,#DEAD#
DI07,Lib7_292X,H08,292,G,0.9807692307692307,156,
DI07,Lib7_292X,H09,#DEAD#,#DEAD#,0.0,357,#DEAD#
DI07,Lib7_292X,H10,#DEAD#,#DEAD#,0.0,1,#DEAD#
DI07,Lib7_292X,H11,292,G,1.0,108,
DI07,Lib7_292X,H12,292,T,0.9823529411764705,170,
DI08,Lib8_301X,A01,301,M,1.0,74,
DI08,Lib8_301X,A02,301,E,0.983739837398374,123,
DI08,Lib8_301X,A03,301,S,1.0,199,
DI08,Lib8_301X,A04,301,M,0.9909297052154195,441,
DI08,Lib8_301X,A05,301,W,0.9941690962099126,343,
DI08,Lib8_301X,A06,301,E,0.987220447284345,313,
DI08,Lib8_301X,A07,301,S,0.9968253968253968,315,
DI08,Lib8_301X,A08,301,P,0.9964285714285714,280,
DI08,Lib8_301X,A09,301,A,0.9905362776025236,317,
DI08,Lib8_301X,A10,301,Y,0.9930313588850174,287,
DI08,Lib8_301X,A11,301,T,1.0,142,
DI08,Lib8_301X,A12,301,R,1.0,185,
DI08,Lib8_301X,B01,301,L,1.0,215,
DI08,Lib8_301X,B02,301,Y,1.0,108,
DI08,Lib8_301X,B03,301,W,0.7313432835820896,134,
DI08,Lib8_301X,B04,301,G,0.996742671009772,307,
DI08,Lib8_301X,B05,301,N,1.0,259,
DI08,Lib8_301X,B06,301,E,0.995,200,
DI08,Lib8_301X,B07,301,K,0.9844357976653697,257,
DI08,Lib8_301X,B08,301,V,0.9968652037617555,319,
DI08,Lib8_301X,B09,301,L,0.9916201117318436,358,
DI08,Lib8_301X,B10,301,Y,1.0,126,
DI08,Lib8_301X,B11,301,E,0.987012987012987,77,
DI08,Lib8_301X,B12,#DEAD#,#DEAD#,0.0,311,#DEAD#
DI08,Lib8_301X,C01,301,R,0.9965870307167235,293,
DI08,Lib8_301X,C02,301,V,0.9956709956709957,231,
DI08,Lib8_301X,C03,301,A,1.0,117,
DI08,Lib8_301X,C04,301,K,0.9908675799086758,219,
DI08,Lib8_301X,C05,301,W,1.0,182,
DI08,Lib8_301X,C06,301,H,0.9845360824742269,194,
DI08,Lib8_301X,C07,301,W,0.9707602339181286,171,
DI08,Lib8_301X,C08,#DEAD#,#DEAD#,0.0,196,#DEAD#
DI08,Lib8_301X,C09,301,Y,0.9761904761904762,126,
DI08,Lib8_301X,C10,301,Y,0.9907407407407407,108,
DI08,Lib8_301X,C11,301,H,1.0,159,
DI08,Lib8_301X,C12,301,Y,0.5714285714285714,154,
DI08,Lib8_301X,D01,301,E,1.0,209,
DI08,Lib8_301X,D02,301,P,1.0,193,
DI08,Lib8_301X,D03,301,Y,1.0,169,
DI08,Lib8_301X,D04,301,K,0.974025974025974,77,
DI08,Lib8_301X,D05,#DEAD#,#DEAD#,0.0,0,#DEAD#
DI08,Lib8_301X,D06,301,P,0.9955156950672646,223,
DI08,Lib8_301X,D07,#DEAD#,#DEAD#,0.0,0,#DEAD#
DI08,Lib8_301X,D08,#DEAD#,#DEAD#,0.0,2,#DEAD#
DI08,Lib8_301X,D09,301,M,1.0,64,
DI08,Lib8_301X,D10,301,Y,1.0,141,
DI08,Lib8_301X,D11,301,S,0.973404255319149,188,
DI08,Lib8_301X,D12,301,E,0.9887640449438202,89,
DI08,Lib8_301X,E01,301,T,1.0,215,
DI08,Lib8_301X,E02,273,C,0.5,2,Unexpected Variation
DI08,Lib8_301X,E02,301,Y,1.0,32,
DI08,Lib8_301X,E03,301,L,0.9943181818181818,176,
DI08,Lib8_301X,E04,301,Y,1.0,133,
DI08,Lib8_301X,E05,301,E,0.6196319018404908,163,
DI08,Lib8_301X,E06,301,R,0.9920634920634921,126,
DI08,Lib8_301X,E07,301,Y,0.9957081545064378,233,
DI08,Lib8_301X,E08,301,I,0.9923076923076923,130,
DI08,Lib8_301X,E09,#DEAD#,#DEAD#,0.0,0,#DEAD#
DI08,Lib8_301X,E10,301,Y,1.0,123,
DI08,Lib8_301X,E11,301,E,0.994535519125683,183,
DI08,Lib8_301X,E12,301,T,0.9659090909090909,88,
DI08,Lib8_301X,F01,301,N,0.99609375,256,
DI08,Lib8_301X,F02,301,V,1.0,10,
DI08,Lib8_301X,F03,301,T,0.9878048780487805,164,
DI08,Lib8_301X,F04,301,W,0.9879032258064516,248,
DI08,Lib8_301X,F05,301,T,0.9752650176678446,283,
DI08,Lib8_301X,F06,301,I,0.9877300613496932,163,
DI08,Lib8_301X,F07,301,M,1.0,62,
DI08,Lib8_301X,F08,301,C,1.0,122,
DI08,Lib8_301X,F09,301,Y,0.9957983193277311,238,
DI08,Lib8_301X,F10,#DEAD#,#DEAD#,0.0,1,#DEAD#
DI08,Lib8_301X,F11,301,F,0.9897959183673469,98,
DI08,Lib8_301X,F12,301,M,1.0,250,
DI08,Lib8_301X,G01,301,K,1.0,231,
DI08,Lib8_301X,G02,#DEAD#,#DEAD#,0.0,0,#DEAD#
DI08,Lib8_301X,G03,301,L,0.9901960784313726,204,
DI08,Lib8_301X,G04,301,Y,1.0,175,
DI08,Lib8_301X,G05,301,M,0.9835616438356164,365,
DI08,Lib8_301X,G06,301,V,0.9947368421052631,190,
DI08,Lib8_301X,G07,301,I,0.9908256880733946,218,
DI08,Lib8_301X,G08,301,V,0.9786476868327402,281,
DI08,Lib8_301X,G09,301,N,0.9922178988326849,257,
DI08,Lib8_301X,G10,#DEAD#,#DEAD#,0.0,0,#DEAD#
DI08,Lib8_301X,G11,301,E,0.9952380952380953,210,
DI08,Lib8_301X,G12,301,Y,0.7303370786516854,178,
DI08,Lib8_301X,H01,301,A,0.9919354838709677,248,
DI08,Lib8_301X,H02,301,D,0.989010989010989,91,
DI08,Lib8_301X,H03,301,M,0.9864864864864865,296,
DI08,Lib8_301X,H04,301,Q,0.9900332225913622,301,
DI08,Lib8_301X,H05,301,K,0.9857651245551602,281,
DI08,Lib8_301X,H06,301,T,0.9945054945054945,364,
DI08,Lib8_301X,H07,301,K,0.9909638554216867,332,
DI08,Lib8_301X,H08,301,E,0.8827838827838828,273,
DI08,Lib8_301X,H09,301,P,0.9905362776025236,317,
DI08,Lib8_301X,H10,#DEAD#,#DEAD#,0.0,0,#DEAD#
DI08,Lib8_301X,H11,249,D,1.0,246,Unexpected Variation
DI08,Lib8_301X,H11,301,L,0.9955156950672646,223,
DI08,Lib8_301X,H12,301,W,0.9849246231155779,199,
