IndexPlate,Plate,Well,BpPosition,Bp,AlignmentFrequency,WellSeqDepth,Flags
DI01,Lib1_105X,A01,312,C,0.9883720930232558,86,
DI01,Lib1_105X,A01,313,G,0.9879518072289156,83,
DI01,Lib1_105X,A01,314,T,0.9876543209876543,81,
DI01,Lib1_105X,A02,312,G,1.0,44,
DI01,Lib1_105X,A02,313,A,1.0,45,
DI01,Lib1_105X,A02,314,T,1.0,43,
DI01,Lib1_105X,A03,312,T,0.9863013698630136,73,
DI01,Lib1_105X,A03,313,G,0.9859154929577465,71,
DI01,Lib1_105X,A03,314,G,0.9821428571428571,56,
DI01,Lib1_105X,A04,312,G,1.0,66,
DI01,Lib1_105X,A04,313,A,1.0,67,
DI01,Lib1_105X,A04,314,G,0.9824561403508771,57,
DI01,Lib1_105X,A05,312,C,0.975609756097561,82,
DI01,Lib1_105X,A05,313,C,0.9878048780487805,82,
DI01,Lib1_105X,A05,314,G,0.9855072463768116,69,
DI01,Lib1_105X,A06,312,C,0.9878048780487805,82,
DI01,Lib1_105X,A06,313,T,0.9875,80,
DI01,Lib1_105X,A06,314,T,0.9876543209876543,81,
DI01,Lib1_105X,A07,312,T,0.9620253164556962,79,
DI01,Lib1_105X,A07,313,A,1.0,81,
DI01,Lib1_105X,A07,314,T,0.9634146341463414,82,
DI01,Lib1_105X,A08,312,T,0.8,10,
DI01,Lib1_105X,A08,313,T,0.8,10,
DI01,Lib1_105X,A08,314,T,0.8,10,
DI01,Lib1_105X,A09,312,T,0.9814814814814815,54,
DI01,Lib1_105X,A09,313,G,0.9811320754716981,53,
DI01,Lib1_105X,A09,314,T,0.9807692307692307,52,
DI01,Lib1_105X,A10,312,G,1.0,57,
DI01,Lib1_105X,A10,313,A,1.0,60,
DI01,Lib1_105X,A10,314,A,1.0,60,
DI01,Lib1_105X,A11,312,G,1.0,80,
DI01,Lib1_105X,A11,313,A,1.0,82,
DI01,Lib1_105X,A11,314,G,0.9420289855072463,69,
DI01,Lib1_105X,A12,312,T,0.9803921568627451,51,
DI01,Lib1_105X,A12,313,G,1.0,50,
DI01,Lib1_105X,A12,314,T,1.0,47,
DI01,Lib1_105X,B01,312,A,0.9807692307692307,52,
DI01,Lib1_105X,B01,313,G,0.9814814814814815,54,
DI01,Lib1_105X,B01,314,T,0.9811320754716981,53,
DI01,Lib1_105X,B02,312,G,1.0,9,
DI01,Lib1_105X,B02,313,C,1.0,9,
DI01,Lib1_105X,B02,314,G,1.0,6,
DI01,Lib1_105X,B02,535,C,0.75,8,Unexpected Variation
DI01,Lib1_105X,B03,312,A,0.8571428571428571,7,
DI01,Lib1_105X,B03,313,G,0.7777777777777778,9,
DI01,Lib1_105X,B03,314,T,0.7777777777777778,9,
DI01,Lib1_105X,B03,495,A,0.75,8,Unexpected Variation
DI01,Lib1_105X,B03,497,T,0.7777777777777778,9,Unexpected Variation
DI01,Lib1_105X,B04,312,A,1.0,31,
DI01,Lib1_105X,B04,313,T,1.0,36,
DI01,Lib1_105X,B04,314,G,1.0,33,
DI01,Lib1_105X,B05,312,A,1.0,18,
DI01,Lib1_105X,B05,313,C,1.0,17,
DI01,Lib1_105X,B05,314,G,1.0,12,
DI01,Lib1_105X,B06,312,G,1.0,2,
DI01,Lib1_105X,B06,313,A,1.0,2,
DI01,Lib1_105X,B06,314,A,1.0,2,
DI01,Lib1_105X,B07,312,A,0.975,40,
DI01,Lib1_105X,B07,313,T,0.9772727272727273,44,
DI01,Lib1_105X,B07,314,G,0.9705882352941176,34,
DI01,Lib1_105X,B08,288,A,0.7857142857142857,14,Unexpected Variation
DI01,Lib1_105X,B08,312,G,1.0,20,
DI01,Lib1_105X,B08,313,C,0.85,20,
DI01,Lib1_105X,B08,314,G,0.8125,16,
DI01,Lib1_105X,B09,312,G,1.0,23,
DI01,Lib1_105X,B09,313,A,1.0,23,
DI01,Lib1_105X,B09,314,G,1.0,21,
DI01,Lib1_105X,B10,312,G,1.0,57,
DI01,Lib1_105X,B10,313,A,1.0,58,
DI01,Lib1_105X,B10,314,A,1.0,58,
DI01,Lib1_105X,B11,312,C,0.9354838709677419,31,
DI01,Lib1_105X,B11,313,A,1.0,31,
DI01,Lib1_105X,B11,314,T,0.9354838709677419,31,
DI01,Lib1_105X,B12,312,T,0.9,40,
DI01,Lib1_105X,B12,313,G,0.9,40,
DI01,Lib1_105X,B12,314,T,0.9,40,
DI01,Lib1_105X,C01,287,A,0.7627118644067796,59,Unexpected Variation
DI01,Lib1_105X,C01,312,T,0.9558823529411765,68,
DI01,Lib1_105X,C01,313,G,0.9552238805970149,67,
DI01,Lib1_105X,C01,314,G,0.9344262295081968,61,
DI01,Lib1_105X,C02,312,C,0.9166666666666666,24,
DI01,Lib1_105X,C02,313,A,1.0,25,
DI01,Lib1_105X,C02,314,G,0.9,20,
DI01,Lib1_105X,C03,312,A,1.0,40,
DI01,Lib1_105X,C03,313,C,1.0,41,
DI01,Lib1_105X,C03,314,G,1.0,33,
DI01,Lib1_105X,C04,287,A,0.7058823529411765,17,Unexpected Variation
DI01,Lib1_105X,C04,312,T,0.9444444444444444,18,
DI01,Lib1_105X,C04,313,G,0.9444444444444444,18,
DI01,Lib1_105X,C04,314,G,1.0,14,
DI01,Lib1_105X,C04,455,T,0.75,16,Unexpected Variation
DI01,Lib1_105X,C05,312,T,1.0,37,
DI01,Lib1_105X,C05,313,G,1.0,36,
DI01,Lib1_105X,C05,314,G,0.967741935483871,31,
DI01,Lib1_105X,C06,312,A,0.9591836734693877,49,
DI01,Lib1_105X,C06,313,C,0.98,50,
DI01,Lib1_105X,C06,314,G,0.9767441860465116,43,
DI01,Lib1_105X,C07,312,T,0.9852941176470589,68,
DI01,Lib1_105X,C07,313,T,0.9855072463768116,69,
DI01,Lib1_105X,C07,314,T,0.9850746268656716,67,
DI01,Lib1_105X,C08,297,A,0.7692307692307693,13,Unexpected Variation
DI01,Lib1_105X,C08,312,T,0.9473684210526315,19,
DI01,Lib1_105X,C08,313,T,0.9473684210526315,19,
DI01,Lib1_105X,C08,314,T,0.9473684210526315,19,
DI01,Lib1_105X,C08,568,C,0.75,16,Unexpected Variation
DI01,Lib1_105X,C09,312,C,0.8928571428571429,28,
DI01,Lib1_105X,C09,313,T,0.8928571428571429,28,
DI01,Lib1_105X,C09,314,T,0.8888888888888888,27,
DI01,Lib1_105X,C10,288,A,0.75,24,Unexpected Variation
DI01,Lib1_105X,C10,312,G,1.0,42,
DI01,Lib1_105X,C10,313,A,1.0,42,
DI01,Lib1_105X,C10,314,A,1.0,42,
DI01,Lib1_105X,C11,312,C,0.9821428571428571,56,
DI01,Lib1_105X,C11,313,A,1.0,56,
DI01,Lib1_105X,C11,314,T,0.9821428571428571,56,
DI01,Lib1_105X,C12,#DEAD#,#DEAD#,0.0,56,#DEAD#
DI01,Lib1_105X,D01,312,G,1.0,43,
DI01,Lib1_105X,D01,313,T,0.9523809523809523,42,
DI01,Lib1_105X,D01,314,G,0.9142857142857143,35,
DI01,Lib1_105X,D02,312,T,0.9259259259259259,27,
DI01,Lib1_105X,D02,313,G,0.9259259259259259,27,
DI01,Lib1_105X,D02,314,T,0.9230769230769231,26,
DI01,Lib1_105X,D03,312,T,1.0,16,
DI01,Lib1_105X,D03,313,G,1.0,16,
DI01,Lib1_105X,D03,314,T,1.0,16,
DI01,Lib1_105X,D03,516,T,0.7857142857142857,14,Unexpected Variation
DI01,Lib1_105X,D04,#DEAD#,#DEAD#,0.0,8,#DEAD#
DI01,Lib1_105X,D05,#DEAD#,#DEAD#,0.0,1,#DEAD#
DI01,Lib1_105X,D06,312,A,0.9705882352941176,34,
DI01,Lib1_105X,D06,313,G,0.9714285714285714,35,
DI01,Lib1_105X,D06,314,T,0.96875,32,
DI01,Lib1_105X,D07,312,A,1.0,34,
DI01,Lib1_105X,D07,313,A,1.0,37,
DI01,Lib1_105X,D07,314,G,1.0,32,
DI01,Lib1_105X,D08,312,G,1.0,36,
DI01,Lib1_105X,D08,313,A,1.0,36,
DI01,Lib1_105X,D08,314,G,0.9230769230769231,26,
DI01,Lib1_105X,D09,#DEAD#,#DEAD#,0.0,8,#DEAD#
DI01,Lib1_105X,D10,312,G,1.0,14,
DI01,Lib1_105X,D10,313,A,1.0,14,
DI01,Lib1_105X,D10,314,A,1.0,14,
DI01,Lib1_105X,D11,312,A,1.0,16,
DI01,Lib1_105X,D11,313,A,1.0,16,
DI01,Lib1_105X,D11,314,G,1.0,14,
DI01,Lib1_105X,D11,516,T,0.75,12,Unexpected Variation
DI01,Lib1_105X,D12,312,T,0.9615384615384616,26,
DI01,Lib1_105X,D12,313,G,0.9615384615384616,26,
DI01,Lib1_105X,D12,314,T,0.9615384615384616,26,
DI01,Lib1_105X,E01,312,C,0.9545454545454546,44,
DI01,Lib1_105X,E01,313,A,1.0,44,
DI01,Lib1_105X,E01,314,G,0.9,30,
DI01,Lib1_105X,E02,312,A,0.9642857142857143,28,
DI01,Lib1_105X,E02,313,T,0.96875,32,
DI01,Lib1_105X,E02,314,G,0.9629629629629629,27,
DI01,Lib1_105X,E03,312,A,0.9523809523809523,21,
DI01,Lib1_105X,E03,313,A,1.0,21,
DI01,Lib1_105X,E03,314,G,0.95,20,
DI01,Lib1_105X,E04,312,G,1.0,26,
DI01,Lib1_105X,E04,313,A,1.0,27,
DI01,Lib1_105X,E04,314,G,0.9615384615384616,26,
DI01,Lib1_105X,E05,312,A,1.0,43,
DI01,Lib1_105X,E05,313,C,1.0,45,
DI01,Lib1_105X,E05,314,G,1.0,38,
DI01,Lib1_105X,E06,312,A,0.95,40,
DI01,Lib1_105X,E06,313,G,0.9767441860465116,43,
DI01,Lib1_105X,E06,314,T,0.975609756097561,41,
DI01,Lib1_105X,E07,312,T,1.0,52,
DI01,Lib1_105X,E07,313,G,1.0,51,
DI01,Lib1_105X,E07,314,G,0.9545454545454546,44,
DI01,Lib1_105X,E08,312,T,0.9803921568627451,51,
DI01,Lib1_105X,E08,313,G,0.9607843137254902,51,
DI01,Lib1_105X,E08,314,T,0.9615384615384616,52,
DI01,Lib1_105X,E09,312,C,1.0,39,
DI01,Lib1_105X,E09,313,C,1.0,39,
DI01,Lib1_105X,E09,314,G,1.0,36,
DI01,Lib1_105X,E10,288,A,0.7777777777777778,18,Unexpected Variation
DI01,Lib1_105X,E10,312,C,0.9130434782608695,23,
DI01,Lib1_105X,E10,313,C,0.9130434782608695,23,
DI01,Lib1_105X,E10,314,G,0.9,20,
DI01,Lib1_105X,E11,312,A,0.8333333333333334,30,
DI01,Lib1_105X,E11,313,T,0.8787878787878788,33,
DI01,Lib1_105X,E11,314,T,0.84375,32,
DI01,Lib1_105X,E12,312,G,1.0,50,
DI01,Lib1_105X,E12,313,T,0.9803921568627451,51,
DI01,Lib1_105X,E12,314,G,0.9787234042553191,47,
DI01,Lib1_105X,F01,#DEAD#,#DEAD#,0.0,44,#DEAD#
DI01,Lib1_105X,F02,312,A,0.9322033898305084,59,
DI01,Lib1_105X,F02,313,A,1.0,62,
DI01,Lib1_105X,F02,314,T,0.967741935483871,62,
DI01,Lib1_105X,F03,312,A,0.7,40,
DI01,Lib1_105X,F03,313,A,0.7,40,
DI01,Lib1_105X,F03,314,T,0.9230769230769231,39,
DI01,Lib1_105X,F04,312,T,0.9795918367346939,49,
DI01,Lib1_105X,F04,313,G,1.0,47,
DI01,Lib1_105X,F04,314,G,0.972972972972973,37,
DI01,Lib1_105X,F05,312,A,0.975609756097561,41,
DI01,Lib1_105X,F05,313,A,1.0,42,
DI01,Lib1_105X,F05,314,G,1.0,29,
DI01,Lib1_105X,F06,312,G,1.0,34,
DI01,Lib1_105X,F06,313,G,0.8529411764705882,34,
DI01,Lib1_105X,F06,314,T,0.8571428571428571,35,
DI01,Lib1_105X,F07,312,T,0.9310344827586207,58,
DI01,Lib1_105X,F07,313,A,1.0,58,
DI01,Lib1_105X,F07,314,T,0.9285714285714286,56,
DI01,Lib1_105X,F08,288,A,0.7894736842105263,19,Unexpected Variation
DI01,Lib1_105X,F08,312,A,0.9545454545454546,22,
DI01,Lib1_105X,F08,313,G,0.9565217391304348,23,
DI01,Lib1_105X,F08,314,T,0.96,25,
DI01,Lib1_105X,F09,#DEAD#,#DEAD#,0.0,43,#DEAD#
DI01,Lib1_105X,F10,312,C,1.0,37,
DI01,Lib1_105X,F10,313,T,1.0,37,
DI01,Lib1_105X,F10,314,G,0.9629629629629629,27,
DI01,Lib1_105X,F11,312,C,0.9772727272727273,44,
DI01,Lib1_105X,F11,313,T,0.9777777777777777,45,
DI01,Lib1_105X,F11,314,G,0.9459459459459459,37,
DI01,Lib1_105X,F12,312,T,0.8837209302325582,43,
DI01,Lib1_105X,F12,313,T,0.8636363636363636,44,
DI01,Lib1_105X,F12,314,T,0.8636363636363636,44,
DI01,Lib1_105X,G01,312,T,0.9722222222222222,36,
DI01,Lib1_105X,G01,313,T,0.9722222222222222,36,
DI01,Lib1_105X,G01,314,T,0.9722222222222222,36,
DI01,Lib1_105X,G02,312,A,0.9491525423728814,59,
DI01,Lib1_105X,G02,313,G,0.967741935483871,62,
DI01,Lib1_105X,G02,314,T,0.9672131147540983,61,
DI01,Lib1_105X,G03,312,A,0.9473684210526315,57,
DI01,Lib1_105X,G03,313,A,1.0,60,
DI01,Lib1_105X,G03,314,T,0.9661016949152542,59,
DI01,Lib1_105X,G04,312,A,0.9787234042553191,47,
DI01,Lib1_105X,G04,313,T,0.98,50,
DI01,Lib1_105X,G04,314,G,0.9743589743589743,39,
DI01,Lib1_105X,G05,312,G,1.0,34,
DI01,Lib1_105X,G05,313,A,1.0,35,
DI01,Lib1_105X,G05,314,G,0.8888888888888888,18,
DI01,Lib1_105X,G06,312,A,0.9411764705882353,51,
DI01,Lib1_105X,G06,313,C,0.9074074074074074,54,
DI01,Lib1_105X,G06,314,G,0.9069767441860465,43,
DI01,Lib1_105X,G07,312,C,0.9454545454545454,55,
DI01,Lib1_105X,G07,313,T,0.9454545454545454,55,
DI01,Lib1_105X,G07,314,G,0.9333333333333333,45,
DI01,Lib1_105X,G08,312,G,1.0,29,
DI01,Lib1_105X,G08,313,T,0.9655172413793104,29,
DI01,Lib1_105X,G08,314,G,0.9545454545454546,22,
DI01,Lib1_105X,G09,287,A,0.7777777777777778,18,Unexpected Variation
DI01,Lib1_105X,G09,312,A,0.95,20,
DI01,Lib1_105X,G09,313,T,0.95,20,
DI01,Lib1_105X,G09,314,G,0.9285714285714286,14,
DI01,Lib1_105X,G10,#DEAD#,#DEAD#,0.0,9,#DEAD#
DI01,Lib1_105X,G11,312,G,1.0,24,
DI01,Lib1_105X,G11,313,T,0.9166666666666666,24,
DI01,Lib1_105X,G11,314,T,0.9130434782608695,23,
DI01,Lib1_105X,G12,312,G,1.0,42,
DI01,Lib1_105X,G12,313,C,1.0,46,
DI01,Lib1_105X,G12,314,G,1.0,38,
DI01,Lib1_105X,H01,312,T,0.9553571428571429,112,
DI01,Lib1_105X,H01,313,T,0.954954954954955,111,
DI01,Lib1_105X,H01,314,T,0.9545454545454546,110,
DI01,Lib1_105X,H02,312,A,0.9857142857142858,70,
DI01,Lib1_105X,H02,313,T,0.987012987012987,77,
DI01,Lib1_105X,H02,314,G,0.9848484848484849,66,
DI01,Lib1_105X,H03,312,G,1.0,65,
DI01,Lib1_105X,H03,313,A,0.7794117647058824,68,
DI01,Lib1_105X,H03,314,G,0.7222222222222222,54,
DI01,Lib1_105X,H04,312,G,1.0,70,
DI01,Lib1_105X,H04,313,T,0.9583333333333334,72,
DI01,Lib1_105X,H04,314,T,0.9577464788732394,71,
DI01,Lib1_105X,H05,312,C,0.9482758620689655,58,
DI01,Lib1_105X,H05,313,T,0.9482758620689655,58,
DI01,Lib1_105X,H05,314,T,0.9298245614035088,57,
DI01,Lib1_105X,H06,312,G,1.0,90,
DI01,Lib1_105X,H06,313,G,1.0,88,
DI01,Lib1_105X,H06,314,T,1.0,91,
DI01,Lib1_105X,H07,312,C,0.9545454545454546,66,
DI01,Lib1_105X,H07,313,A,1.0,66,
DI01,Lib1_105X,H07,314,G,0.9482758620689655,58,
DI01,Lib1_105X,H08,312,G,1.0,64,
DI01,Lib1_105X,H08,313,T,0.9365079365079365,63,
DI01,Lib1_105X,H08,314,G,0.9411764705882353,51,
DI01,Lib1_105X,H09,312,T,0.9545454545454546,66,
DI01,Lib1_105X,H09,313,T,0.9545454545454546,66,
DI01,Lib1_105X,H09,314,T,0.9545454545454546,66,
DI01,Lib1_105X,H10,#DEAD#,#DEAD#,0.0,1,#DEAD#
DI01,Lib1_105X,H11,312,T,1.0,71,
DI01,Lib1_105X,H11,313,T,1.0,71,
DI01,Lib1_105X,H11,314,T,1.0,70,
DI01,Lib1_105X,H12,312,C,0.9682539682539683,63,
DI01,Lib1_105X,H12,313,T,0.967741935483871,62,
DI01,Lib1_105X,H12,314,G,0.9591836734693877,49,
DI02,Lib2_118X,A01,351,G,0.8953488372093024,86,
DI02,Lib2_118X,A01,352,T,0.891566265060241,83,
DI02,Lib2_118X,A01,353,G,0.855072463768116,69,
DI02,Lib2_118X,A02,351,T,0.4722222222222222,36,
DI02,Lib2_118X,A02,352,T,0.5555555555555556,36,
DI02,Lib2_118X,A02,353,T,0.5882352941176471,34,
DI02,Lib2_118X,A03,351,A,0.9873417721518988,79,
DI02,Lib2_118X,A03,352,T,1.0,81,
DI02,Lib2_118X,A03,353,T,1.0,84,
DI02,Lib2_118X,A04,351,T,1.0,174,
DI02,Lib2_118X,A04,352,G,1.0,171,
DI02,Lib2_118X,A04,353,T,1.0,175,
DI02,Lib2_118X,A05,351,T,0.63125,160,
DI02,Lib2_118X,A05,352,G,0.6153846153846154,156,
DI02,Lib2_118X,A05,353,T,0.684931506849315,146,
DI02,Lib2_118X,A06,351,G,1.0,89,
DI02,Lib2_118X,A06,352,G,0.935064935064935,77,
DI02,Lib2_118X,A06,353,T,0.9358974358974359,78,
DI02,Lib2_118X,A07,351,T,0.9781021897810219,137,
DI02,Lib2_118X,A07,352,A,0.9609375,128,
DI02,Lib2_118X,A07,353,T,0.9781021897810219,137,
DI02,Lib2_118X,A08,#DEAD#,#DEAD#,0.0,91,#DEAD#
DI02,Lib2_118X,A09,351,G,1.0,188,
DI02,Lib2_118X,A09,352,C,1.0,190,
DI02,Lib2_118X,A09,353,G,0.9714285714285714,140,
DI02,Lib2_118X,A10,351,G,1.0,171,
DI02,Lib2_118X,A10,352,C,1.0,173,
DI02,Lib2_118X,A10,353,A,1.0,171,
DI02,Lib2_118X,A11,351,G,1.0,102,
DI02,Lib2_118X,A11,352,A,0.9761904761904762,84,
DI02,Lib2_118X,A11,353,T,0.978494623655914,93,
DI02,Lib2_118X,A12,351,T,0.9758064516129032,124,
DI02,Lib2_118X,A12,352,A,0.9629629629629629,108,
DI02,Lib2_118X,A12,353,T,0.976,125,
DI02,Lib2_118X,B01,351,A,0.9398496240601504,133,
DI02,Lib2_118X,B01,352,T,0.9925373134328358,134,
DI02,Lib2_118X,B01,353,T,0.9705882352941176,136,
DI02,Lib2_118X,B02,287,A,0.7948717948717948,39,Unexpected Variation
DI02,Lib2_118X,B02,351,T,0.5777777777777777,45,
DI02,Lib2_118X,B02,352,G,0.5777777777777777,45,
DI02,Lib2_118X,B02,353,T,0.5777777777777777,45,
DI02,Lib2_118X,B03,351,G,0.9861111111111112,72,
DI02,Lib2_118X,B03,352,C,1.0,72,
DI02,Lib2_118X,B03,353,A,1.0,72,
DI02,Lib2_118X,B04,351,G,0.9215686274509803,51,
DI02,Lib2_118X,B04,352,T,0.9183673469387755,49,
DI02,Lib2_118X,B04,353,G,0.8888888888888888,45,
DI02,Lib2_118X,B05,351,G,1.0,127,
DI02,Lib2_118X,B05,352,C,1.0,128,
DI02,Lib2_118X,B05,353,A,1.0,128,
DI02,Lib2_118X,B06,287,A,0.7843137254901961,51,Unexpected Variation
DI02,Lib2_118X,B06,351,T,0.9852941176470589,68,
DI02,Lib2_118X,B06,352,A,0.9824561403508771,57,
DI02,Lib2_118X,B06,353,T,0.9855072463768116,69,
DI02,Lib2_118X,B07,351,C,0.9911504424778761,113,
DI02,Lib2_118X,B07,352,T,1.0,113,
DI02,Lib2_118X,B07,353,G,1.0,91,
DI02,Lib2_118X,B08,351,G,1.0,139,
DI02,Lib2_118X,B08,352,G,0.9834710743801653,121,
DI02,Lib2_118X,B08,353,T,0.9829059829059829,117,
DI02,Lib2_118X,B09,351,A,0.9640287769784173,139,
DI02,Lib2_118X,B09,352,T,0.971830985915493,142,
DI02,Lib2_118X,B09,353,G,0.959349593495935,123,
DI02,Lib2_118X,B10,351,G,1.0,44,
DI02,Lib2_118X,B10,352,C,1.0,45,
DI02,Lib2_118X,B10,353,A,1.0,45,
DI02,Lib2_118X,B11,351,C,1.0,61,
DI02,Lib2_118X,B11,352,G,1.0,61,
DI02,Lib2_118X,B11,353,T,1.0,61,
DI02,Lib2_118X,B12,351,G,1.0,170,
DI02,Lib2_118X,B12,352,C,1.0,171,
DI02,Lib2_118X,B12,353,A,1.0,169,
DI02,Lib2_118X,C01,351,T,0.984375,128,
DI02,Lib2_118X,C01,352,G,0.9841269841269841,126,
DI02,Lib2_118X,C01,353,G,0.9789473684210527,95,
DI02,Lib2_118X,C02,351,A,1.0,87,
DI02,Lib2_118X,C02,352,T,0.9772727272727273,88,
DI02,Lib2_118X,C02,353,T,0.9887640449438202,89,
DI02,Lib2_118X,C03,287,A,0.78125,32,Unexpected Variation
DI02,Lib2_118X,C03,351,G,1.0,40,
DI02,Lib2_118X,C03,352,C,1.0,40,
DI02,Lib2_118X,C03,353,A,1.0,40,
DI02,Lib2_118X,C04,351,C,1.0,40,
DI02,Lib2_118X,C04,352,T,1.0,39,
DI02,Lib2_118X,C04,353,T,1.0,39,
DI02,Lib2_118X,C05,351,A,0.9444444444444444,54,
DI02,Lib2_118X,C05,352,G,0.9423076923076923,52,
DI02,Lib2_118X,C05,353,T,0.9272727272727272,55,
DI02,Lib2_118X,C06,351,A,1.0,153,
DI02,Lib2_118X,C06,352,T,1.0,150,
DI02,Lib2_118X,C06,353,G,0.984,125,
DI02,Lib2_118X,C07,312,T,0.6666666666666666,3,Unexpected Variation
DI02,Lib2_118X,C07,313,T,1.0,3,Unexpected Variation
DI02,Lib2_118X,C07,314,T,0.6666666666666666,3,Unexpected Variation
DI02,Lib2_118X,C07,351,G,1.0,3,
DI02,Lib2_118X,C07,352,C,1.0,3,
DI02,Lib2_118X,C07,353,A,1.0,3,
DI02,Lib2_118X,C08,351,C,0.9829059829059829,117,
DI02,Lib2_118X,C08,352,C,0.9830508474576272,118,
DI02,Lib2_118X,C08,353,G,0.9777777777777777,90,
DI02,Lib2_118X,C09,351,G,1.0,129,
DI02,Lib2_118X,C09,352,A,0.9908256880733946,109,
DI02,Lib2_118X,C09,353,T,0.992,125,
DI02,Lib2_118X,C10,351,G,1.0,113,
DI02,Lib2_118X,C10,352,C,1.0,113,
DI02,Lib2_118X,C10,353,A,1.0,112,
DI02,Lib2_118X,C11,351,C,0.993103448275862,145,
DI02,Lib2_118X,C11,352,T,0.9931972789115646,147,
DI02,Lib2_118X,C11,353,T,0.9932432432432432,148,
DI02,Lib2_118X,C12,351,G,1.0,86,
DI02,Lib2_118X,C12,352,C,1.0,88,
DI02,Lib2_118X,C12,353,A,1.0,88,
DI02,Lib2_118X,D01,351,G,1.0,159,
DI02,Lib2_118X,D01,352,G,0.9925925925925926,135,
DI02,Lib2_118X,D01,353,T,0.9861111111111112,144,
DI02,Lib2_118X,D02,351,A,1.0,74,
DI02,Lib2_118X,D02,352,T,1.0,75,
DI02,Lib2_118X,D02,353,T,1.0,75,
DI02,Lib2_118X,D03,#DEAD#,#DEAD#,0.0,1,#DEAD#
DI02,Lib2_118X,D04,#DEAD#,#DEAD#,0.0,0,#DEAD#
DI02,Lib2_118X,D05,#DEAD#,#DEAD#,0.0,1,#DEAD#
DI02,Lib2_118X,D06,351,T,0.9827586206896551,58,
DI02,Lib2_118X,D06,352,T,0.9818181818181818,55,
DI02,Lib2_118X,D06,353,T,0.9827586206896551,58,
DI02,Lib2_118X,D07,351,G,1.0,84,
DI02,Lib2_118X,D07,352,G,1.0,80,
DI02,Lib2_118X,D07,353,T,1.0,80,
DI02,Lib2_118X,D08,#DEAD#,#DEAD#,0.0,1,#DEAD#
DI02,Lib2_118X,D09,351,C,1.0,115,
DI02,Lib2_118X,D09,352,C,0.9913793103448276,116,
DI02,Lib2_118X,D09,353,G,0.9883720930232558,86,
DI02,Lib2_118X,D10,351,G,1.0,102,
DI02,Lib2_118X,D10,352,C,1.0,102,
DI02,Lib2_118X,D10,353,A,1.0,102,
DI02,Lib2_118X,D11,351,T,0.9696969696969697,33,
DI02,Lib2_118X,D11,352,G,0.96875,32,
DI02,Lib2_118X,D11,353,G,0.9545454545454546,22,
DI02,Lib2_118X,D12,#DEAD#,#DEAD#,0.0,135,#DEAD#
DI02,Lib2_118X,E01,351,G,1.0,142,
DI02,Lib2_118X,E01,352,C,1.0,143,
DI02,Lib2_118X,E01,353,A,1.0,142,
DI02,Lib2_118X,E02,287,A,0.7941176470588235,34,Unexpected Variation
DI02,Lib2_118X,E02,351,C,1.0,40,
DI02,Lib2_118X,E02,352,T,1.0,38,
DI02,Lib2_118X,E02,353,T,1.0,40,
DI02,Lib2_118X,E03,351,G,1.0,38,
DI02,Lib2_118X,E03,352,T,0.9722222222222222,36,
DI02,Lib2_118X,E03,353,G,0.9714285714285714,35,
DI02,Lib2_118X,E03,490,G,0.9722222222222222,36,Unexpected Variation
DI02,Lib2_118X,E04,351,C,1.0,103,
DI02,Lib2_118X,E04,352,A,1.0,98,
DI02,Lib2_118X,E04,353,G,1.0,85,
DI02,Lib2_118X,E05,351,G,1.0,82,
DI02,Lib2_118X,E05,352,T,0.961038961038961,77,
DI02,Lib2_118X,E05,353,T,0.9625,80,
DI02,Lib2_118X,E06,351,A,1.0,96,
DI02,Lib2_118X,E06,352,G,0.9891304347826086,92,
DI02,Lib2_118X,E06,353,T,1.0,101,
DI02,Lib2_118X,E07,351,G,1.0,40,
DI02,Lib2_118X,E07,352,T,0.8947368421052632,38,
DI02,Lib2_118X,E07,353,T,0.8974358974358975,39,
DI02,Lib2_118X,E08,351,A,0.9855072463768116,69,
DI02,Lib2_118X,E08,352,A,0.9384615384615385,65,
DI02,Lib2_118X,E08,353,T,0.971830985915493,71,
DI02,Lib2_118X,E09,351,G,0.8390804597701149,87,
DI02,Lib2_118X,E09,352,A,0.8,75,
DI02,Lib2_118X,E09,353,T,0.875,80,
DI02,Lib2_118X,E10,351,G,0.9882352941176471,85,
DI02,Lib2_118X,E10,352,A,0.9565217391304348,69,
DI02,Lib2_118X,E10,353,G,0.9672131147540983,61,
DI02,Lib2_118X,E11,351,G,0.9887640449438202,89,
DI02,Lib2_118X,E11,352,G,1.0,77,
DI02,Lib2_118X,E11,353,T,1.0,79,
DI02,Lib2_118X,E12,351,A,0.98989898989899,99,
DI02,Lib2_118X,E12,352,A,0.9662921348314607,89,
DI02,Lib2_118X,E12,353,G,0.9879518072289156,83,
DI02,Lib2_118X,F01,351,A,1.0,94,
DI02,Lib2_118X,F01,352,A,0.9888888888888889,90,
DI02,Lib2_118X,F01,353,G,0.9864864864864865,74,
DI02,Lib2_118X,F02,351,G,1.0,26,
DI02,Lib2_118X,F02,352,C,1.0,26,
DI02,Lib2_118X,F02,353,G,0.9473684210526315,19,
DI02,Lib2_118X,F03,351,G,1.0,103,
DI02,Lib2_118X,F03,352,A,0.9666666666666667,90,
DI02,Lib2_118X,F03,353,T,0.9693877551020408,98,
DI02,Lib2_118X,F04,351,T,0.9823008849557522,113,
DI02,Lib2_118X,F04,352,G,0.990990990990991,111,
DI02,Lib2_118X,F04,353,T,0.9912280701754386,114,
DI02,Lib2_118X,F05,#DEAD#,#DEAD#,0.0,105,#DEAD#
DI02,Lib2_118X,F06,351,A,0.9833333333333333,60,
DI02,Lib2_118X,F06,352,C,1.0,64,
DI02,Lib2_118X,F06,353,G,1.0,45,
DI02,Lib2_118X,F07,351,T,0.9882352941176471,85,
DI02,Lib2_118X,F07,352,G,0.9875,80,
DI02,Lib2_118X,F07,353,G,0.984375,64,
DI02,Lib2_118X,F08,351,A,1.0,161,
DI02,Lib2_118X,F08,352,G,1.0,156,
DI02,Lib2_118X,F08,353,T,0.9939024390243902,164,
DI02,Lib2_118X,F09,351,C,1.0,50,
DI02,Lib2_118X,F09,352,C,1.0,50,
DI02,Lib2_118X,F09,353,G,0.975,40,
DI02,Lib2_118X,F10,351,T,0.9444444444444444,54,
DI02,Lib2_118X,F10,352,G,0.9411764705882353,51,
DI02,Lib2_118X,F10,353,G,0.9333333333333333,45,
DI02,Lib2_118X,F11,351,T,1.0,47,
DI02,Lib2_118X,F11,352,G,1.0,45,
DI02,Lib2_118X,F11,353,T,1.0,47,
DI02,Lib2_118X,F12,351,C,0.9921259842519685,127,
DI02,Lib2_118X,F12,352,C,0.9921875,128,
DI02,Lib2_118X,F12,353,G,0.9896907216494846,97,
DI02,Lib2_118X,G01,351,G,0.6741573033707865,89,
DI02,Lib2_118X,G01,352,C,0.6741573033707865,89,
DI02,Lib2_118X,G01,353,A,0.6777777777777778,90,
DI02,Lib2_118X,G02,351,A,0.9803921568627451,102,
DI02,Lib2_118X,G02,352,C,1.0,106,
DI02,Lib2_118X,G02,353,G,0.9880952380952381,84,
DI02,Lib2_118X,G02,547,T,0.7446808510638298,47,Unexpected Variation
DI02,Lib2_118X,G03,351,A,1.0,81,
DI02,Lib2_118X,G03,352,A,0.9863013698630136,73,
DI02,Lib2_118X,G03,353,T,1.0,81,
DI02,Lib2_118X,G04,351,A,0.986013986013986,143,
DI02,Lib2_118X,G04,352,A,0.984,125,
DI02,Lib2_118X,G04,353,T,0.9863945578231292,147,
DI02,Lib2_118X,G05,351,C,0.9818181818181818,110,
DI02,Lib2_118X,G05,352,T,0.9814814814814815,108,
DI02,Lib2_118X,G05,353,T,0.9818181818181818,110,
DI02,Lib2_118X,G06,351,C,0.9682539682539683,126,
DI02,Lib2_118X,G06,352,A,0.943089430894309,123,
DI02,Lib2_118X,G06,353,T,0.9763779527559056,127,
DI02,Lib2_118X,G07,351,G,1.0,73,
DI02,Lib2_118X,G07,352,A,0.9402985074626866,67,
DI02,Lib2_118X,G07,353,G,0.95,60,
DI02,Lib2_118X,G08,351,T,0.9736842105263158,152,
DI02,Lib2_118X,G08,352,T,0.9798657718120806,149,
DI02,Lib2_118X,G08,353,T,0.9801324503311258,151,
DI02,Lib2_118X,G09,351,T,0.989247311827957,93,
DI02,Lib2_118X,G09,352,T,0.989010989010989,91,
DI02,Lib2_118X,G09,353,T,0.989247311827957,93,
DI02,Lib2_118X,G10,351,G,0.9137931034482759,116,
DI02,Lib2_118X,G10,352,C,0.6698113207547169,106,
DI02,Lib2_118X,G10,353,A,0.5405405405405406,111,
DI02,Lib2_118X,G11,351,T,0.7419354838709677,31,
DI02,Lib2_118X,G11,352,G,0.7857142857142857,28,
DI02,Lib2_118X,G11,353,G,0.9285714285714286,28,
DI02,Lib2_118X,G12,351,A,0.9166666666666666,24,
DI02,Lib2_118X,G12,352,G,0.8181818181818182,22,
DI02,Lib2_118X,G12,353,T,0.7916666666666666,24,
DI02,Lib2_118X,H01,351,A,0.9937888198757764,161,
DI02,Lib2_118X,H01,352,T,0.9940828402366864,169,
DI02,Lib2_118X,H01,353,T,0.9942196531791907,173,
DI02,Lib2_118X,H02,351,T,0.9924812030075187,133,
DI02,Lib2_118X,H02,352,T,0.9921259842519685,127,
DI02,Lib2_118X,H02,353,T,0.9924812030075187,133,
DI02,Lib2_118X,H03,351,T,0.9834710743801653,121,
DI02,Lib2_118X,H03,352,A,0.9642857142857143,112,
DI02,Lib2_118X,H03,353,T,0.9838709677419355,124,
DI02,Lib2_118X,H04,351,A,0.9946236559139785,186,
DI02,Lib2_118X,H04,352,T,0.9895287958115183,191,
DI02,Lib2_118X,H04,353,G,0.994413407821229,179,
DI02,Lib2_118X,H05,351,C,0.9887640449438202,178,
DI02,Lib2_118X,H05,352,T,0.9886363636363636,176,
DI02,Lib2_118X,H05,353,T,0.9830508474576272,177,
DI02,Lib2_118X,H06,351,T,0.9764705882352941,170,
DI02,Lib2_118X,H06,352,A,0.975609756097561,164,
DI02,Lib2_118X,H06,353,T,0.9771428571428571,175,
DI02,Lib2_118X,H07,351,T,1.0,201,
DI02,Lib2_118X,H07,352,G,1.0,193,
DI02,Lib2_118X,H07,353,G,0.9548387096774194,155,
DI02,Lib2_118X,H08,351,C,0.9941860465116279,172,
DI02,Lib2_118X,H08,352,G,0.9940119760479041,167,
DI02,Lib2_118X,H08,353,T,0.9940476190476191,168,
DI02,Lib2_118X,H09,351,C,0.9787234042553191,188,
DI02,Lib2_118X,H09,352,C,1.0,188,
DI02,Lib2_118X,H09,353,G,0.9645390070921985,141,
DI02,Lib2_118X,H10,351,C,0.9715909090909091,176,
DI02,Lib2_118X,H10,352,C,1.0,175,
DI02,Lib2_118X,H10,353,G,0.9626865671641791,134,
DI02,Lib2_118X,H11,#DEAD#,#DEAD#,0.0,1,#DEAD#
DI02,Lib2_118X,H12,351,A,0.9659090909090909,88,
DI02,Lib2_118X,H12,352,A,0.927536231884058,69,
DI02,Lib2_118X,H12,353,G,0.9493670886075949,79,
DI03,Lib3_162X,A01,483,A,0.9868995633187773,229,
DI03,Lib3_162X,A01,484,T,1.0,213,
DI03,Lib3_162X,A01,485,T,0.982532751091703,229,
DI03,Lib3_162X,A02,483,T,0.9923076923076923,130,
DI03,Lib3_162X,A02,484,G,0.9928057553956835,139,
DI03,Lib3_162X,A02,485,G,1.0,138,
DI03,Lib3_162X,A03,483,T,1.0,99,
DI03,Lib3_162X,A03,484,G,1.0,104,
DI03,Lib3_162X,A03,485,T,1.0,103,
DI03,Lib3_162X,A04,483,C,1.0,166,
DI03,Lib3_162X,A04,484,A,0.9882352941176471,170,
DI03,Lib3_162X,A04,485,G,1.0,167,
DI03,Lib3_162X,A05,483,T,0.9704142011834319,169,
DI03,Lib3_162X,A05,484,G,0.9887005649717514,177,
DI03,Lib3_162X,A05,485,G,0.9942196531791907,173,
DI03,Lib3_162X,A06,483,C,1.0,122,
DI03,Lib3_162X,A06,484,T,1.0,117,
DI03,Lib3_162X,A06,485,T,0.984375,128,
DI03,Lib3_162X,A07,483,G,0.9789473684210527,190,
DI03,Lib3_162X,A07,484,A,0.9787234042553191,188,
DI03,Lib3_162X,A07,485,T,0.9781420765027322,183,
DI03,Lib3_162X,A08,483,C,1.0,120,
DI03,Lib3_162X,A08,484,T,0.9910714285714286,112,
DI03,Lib3_162X,A08,485,G,1.0,122,
DI03,Lib3_162X,A09,483,T,0.9655172413793104,174,
DI03,Lib3_162X,A09,484,G,0.9782608695652174,184,
DI03,Lib3_162X,A09,485,G,1.0,181,
DI03,Lib3_162X,A10,483,C,0.9938271604938271,162,
DI03,Lib3_162X,A10,484,T,1.0,152,
DI03,Lib3_162X,A10,485,G,1.0,166,
DI03,Lib3_162X,A11,483,T,0.9929577464788732,142,
DI03,Lib3_162X,A11,484,T,0.9726027397260274,146,
DI03,Lib3_162X,A11,485,T,1.0,159,
DI03,Lib3_162X,A12,483,G,0.9894179894179894,189,
DI03,Lib3_162X,A12,484,A,0.9893617021276596,188,
DI03,Lib3_162X,A12,485,T,0.9891891891891892,185,
DI03,Lib3_162X,B01,483,T,1.0,147,
DI03,Lib3_162X,B01,484,G,1.0,161,
DI03,Lib3_162X,B01,485,G,1.0,156,
DI03,Lib3_162X,B02,483,G,1.0,116,
DI03,Lib3_162X,B02,484,T,0.9818181818181818,110,
DI03,Lib3_162X,B02,485,T,1.0,116,
DI03,Lib3_162X,B03,483,A,0.9871794871794872,78,
DI03,Lib3_162X,B03,484,A,0.9871794871794872,78,
DI03,Lib3_162X,B03,485,G,1.0,77,
DI03,Lib3_162X,B04,483,A,1.0,167,
DI03,Lib3_162X,B04,484,A,1.0,163,
DI03,Lib3_162X,B04,485,T,1.0,166,
DI03,Lib3_162X,B05,483,G,1.0,109,
DI03,Lib3_162X,B05,484,C,1.0,108,
DI03,Lib3_162X,B05,485,G,1.0,107,
DI03,Lib3_162X,B06,483,C,1.0,147,
DI03,Lib3_162X,B06,484,A,0.9933774834437086,151,
DI03,Lib3_162X,B06,485,G,1.0,154,
DI03,Lib3_162X,B07,483,A,1.0,150,
DI03,Lib3_162X,B07,484,T,0.9927007299270073,137,
DI03,Lib3_162X,B07,485,T,1.0,148,
DI03,Lib3_162X,B08,483,T,0.9702970297029703,101,
DI03,Lib3_162X,B08,484,T,0.9914529914529915,117,
DI03,Lib3_162X,B08,485,T,0.9833333333333333,120,
DI03,Lib3_162X,B09,483,A,0.5471698113207547,106,
DI03,Lib3_162X,B09,484,T,0.5346534653465347,101,
DI03,Lib3_162X,B09,485,G,0.5779816513761468,109,
DI03,Lib3_162X,B10,483,C,1.0,67,
DI03,Lib3_162X,B10,484,T,1.0,65,
DI03,Lib3_162X,B10,485,G,1.0,70,
DI03,Lib3_162X,B11,483,G,0.9719626168224299,107,
DI03,Lib3_162X,B11,484,C,0.9711538461538461,104,
DI03,Lib3_162X,B11,485,G,1.0,107,
DI03,Lib3_162X,B12,483,T,0.9849246231155779,199,
DI03,Lib3_162X,B12,484,G,0.9902912621359223,206,
DI03,Lib3_162X,B12,485,T,0.9903381642512077,207,
DI03,Lib3_162X,C01,483,C,1.0,136,
DI03,Lib3_162X,C01,484,T,1.0,121,
DI03,Lib3_162X,C01,485,G,1.0,142,
DI03,Lib3_162X,C02,483,G,1.0,112,
DI03,Lib3_162X,C02,484,C,1.0,114,
DI03,Lib3_162X,C02,485,G,1.0,115,
DI03,Lib3_162X,C03,483,A,1.0,108,
DI03,Lib3_162X,C03,484,A,1.0,107,
DI03,Lib3_162X,C03,485,T,1.0,107,
DI03,Lib3_162X,C04,483,T,1.0,64,
DI03,Lib3_162X,C04,484,G,1.0,71,
DI03,Lib3_162X,C04,485,G,1.0,69,
DI03,Lib3_162X,C05,483,C,1.0,76,
DI03,Lib3_162X,C05,484,T,1.0,75,
DI03,Lib3_162X,C05,485,T,0.95,80,
DI03,Lib3_162X,C06,483,A,0.9868421052631579,76,
DI03,Lib3_162X,C06,484,A,0.9866666666666667,75,
DI03,Lib3_162X,C06,485,T,0.9864864864864865,74,
DI03,Lib3_162X,C07,483,G,0.9722222222222222,72,
DI03,Lib3_162X,C07,484,T,1.0,66,
DI03,Lib3_162X,C07,485,T,0.958904109589041,73,
DI03,Lib3_162X,C08,#DEAD#,#DEAD#,0.0,50,#DEAD#
DI03,Lib3_162X,C09,483,C,1.0,86,
DI03,Lib3_162X,C09,484,C,1.0,90,
DI03,Lib3_162X,C09,485,G,1.0,88,
DI03,Lib3_162X,C10,483,C,1.0,87,
DI03,Lib3_162X,C10,484,T,1.0,83,
DI03,Lib3_162X,C10,485,G,1.0,90,
DI03,Lib3_162X,C11,483,T,1.0,51,
DI03,Lib3_162X,C11,484,A,1.0,54,
DI03,Lib3_162X,C11,485,T,1.0,55,
DI03,Lib3_162X,C12,483,T,0.9647887323943662,142,
DI03,Lib3_162X,C12,484,G,0.9727891156462585,147,
DI03,Lib3_162X,C12,485,T,0.9726027397260274,146,
DI03,Lib3_162X,D01,483,T,0.9791666666666666,96,
DI03,Lib3_162X,D01,484,A,1.0,107,
DI03,Lib3_162X,D01,485,T,0.9907407407407407,108,
DI03,Lib3_162X,D02,483,C,1.0,61,
DI03,Lib3_162X,D02,484,A,1.0,59,
DI03,Lib3_162X,D02,485,T,1.0,62,
DI03,Lib3_162X,D03,483,C,1.0,57,
DI03,Lib3_162X,D03,484,T,1.0,54,
DI03,Lib3_162X,D03,485,T,1.0,60,
DI03,Lib3_162X,D04,483,T,1.0,58,
DI03,Lib3_162X,D04,484,G,1.0,62,
DI03,Lib3_162X,D04,485,G,1.0,60,
DI03,Lib3_162X,D05,483,G,1.0,73,
DI03,Lib3_162X,D05,484,G,1.0,72,
DI03,Lib3_162X,D05,485,T,1.0,69,
DI03,Lib3_162X,D06,483,C,1.0,105,
DI03,Lib3_162X,D06,484,A,0.9805825242718447,103,
DI03,Lib3_162X,D06,485,T,0.9904761904761905,105,
DI03,Lib3_162X,D07,483,G,0.8709677419354839,31,
DI03,Lib3_162X,D07,484,A,0.9032258064516129,31,
DI03,Lib3_162X,D07,485,G,1.0,32,
DI03,Lib3_162X,D08,483,C,1.0,95,
DI03,Lib3_162X,D08,484,T,1.0,89,
DI03,Lib3_162X,D08,485,G,1.0,98,
DI03,Lib3_162X,D09,483,C,1.0,120,
DI03,Lib3_162X,D09,484,G,1.0,124,
DI03,Lib3_162X,D09,485,T,1.0,122,
DI03,Lib3_162X,D10,483,C,1.0,70,
DI03,Lib3_162X,D10,484,T,1.0,66,
DI03,Lib3_162X,D10,485,G,1.0,72,
DI03,Lib3_162X,D11,#DEAD#,#DEAD#,0.0,113,#DEAD#
DI03,Lib3_162X,D12,483,T,0.9647058823529412,85,
DI03,Lib3_162X,D12,484,A,0.9655172413793104,87,
DI03,Lib3_162X,D12,485,T,0.9659090909090909,88,
DI03,Lib3_162X,E01,483,A,1.0,62,
DI03,Lib3_162X,E01,484,G,1.0,62,
DI03,Lib3_162X,E01,485,T,0.9682539682539683,63,
DI03,Lib3_162X,E02,483,G,0.9347826086956522,46,
DI03,Lib3_162X,E02,484,C,0.9555555555555556,45,
DI03,Lib3_162X,E02,485,G,0.9574468085106383,47,
DI03,Lib3_162X,E03,483,C,1.0,32,
DI03,Lib3_162X,E03,484,T,1.0,33,
DI03,Lib3_162X,E03,485,G,1.0,35,
DI03,Lib3_162X,E04,483,A,1.0,45,
DI03,Lib3_162X,E04,484,A,1.0,43,
DI03,Lib3_162X,E04,485,G,1.0,45,
DI03,Lib3_162X,E05,483,T,1.0,61,
DI03,Lib3_162X,E05,484,T,1.0,65,
DI03,Lib3_162X,E05,485,T,1.0,70,
DI03,Lib3_162X,E06,483,G,1.0,108,
DI03,Lib3_162X,E06,484,A,1.0,106,
DI03,Lib3_162X,E06,485,G,1.0,104,
DI03,Lib3_162X,E07,483,T,0.9904761904761905,105,
DI03,Lib3_162X,E07,484,A,0.9907407407407407,108,
DI03,Lib3_162X,E07,485,T,0.9908256880733946,109,
DI03,Lib3_162X,E08,483,G,0.8686868686868687,99,
DI03,Lib3_162X,E08,484,T,1.0,93,
DI03,Lib3_162X,E08,485,T,0.9897959183673469,98,
DI03,Lib3_162X,E09,483,C,1.0,125,
DI03,Lib3_162X,E09,484,G,0.9920634920634921,126,
DI03,Lib3_162X,E09,485,T,0.9918032786885246,122,
DI03,Lib3_162X,E10,483,G,0.9473684210526315,152,
DI03,Lib3_162X,E10,484,A,1.0,148,
DI03,Lib3_162X,E10,485,T,1.0,149,
DI03,Lib3_162X,E11,483,A,0.99,100,
DI03,Lib3_162X,E11,484,G,0.99,100,
DI03,Lib3_162X,E11,485,T,0.9897959183673469,98,
DI03,Lib3_162X,E12,#DEAD#,#DEAD#,0.0,129,#DEAD#
DI03,Lib3_162X,F01,#DEAD#,#DEAD#,0.0,2,#DEAD#
DI03,Lib3_162X,F02,483,G,0.9945054945054945,182,
DI03,Lib3_162X,F02,484,T,0.9939393939393939,165,
DI03,Lib3_162X,F02,485,G,1.0,178,
DI03,Lib3_162X,F03,483,T,0.9626168224299065,107,
DI03,Lib3_162X,F03,484,A,0.9907407407407407,108,
DI03,Lib3_162X,F03,485,T,0.9911504424778761,113,
DI03,Lib3_162X,F04,483,A,0.9829059829059829,117,
DI03,Lib3_162X,F04,484,G,0.9826086956521739,115,
DI03,Lib3_162X,F04,485,T,0.9824561403508771,114,
DI03,Lib3_162X,F05,483,G,0.9855072463768116,69,
DI03,Lib3_162X,F05,484,T,1.0,66,
DI03,Lib3_162X,F05,485,T,0.9848484848484849,66,
DI03,Lib3_162X,F06,483,A,0.9896907216494846,194,
DI03,Lib3_162X,F06,484,G,0.9896907216494846,194,
DI03,Lib3_162X,F06,485,T,0.9947368421052631,190,
DI03,Lib3_162X,F07,483,C,1.0,142,
DI03,Lib3_162X,F07,484,A,0.9931972789115646,147,
DI03,Lib3_162X,F07,485,T,0.993006993006993,143,
DI03,Lib3_162X,F08,483,C,1.0,115,
DI03,Lib3_162X,F08,484,T,0.9809523809523809,105,
DI03,Lib3_162X,F08,485,T,0.9743589743589743,117,
DI03,Lib3_162X,F09,483,G,0.9940119760479041,167,
DI03,Lib3_162X,F09,484,T,0.9863013698630136,146,
DI03,Lib3_162X,F09,485,T,1.0,166,
DI03,Lib3_162X,F10,483,T,1.0,122,
DI03,Lib3_162X,F10,484,G,0.9448818897637795,127,
DI03,Lib3_162X,F10,485,G,0.9453125,128,
DI03,Lib3_162X,F11,483,T,0.972972972972973,74,
DI03,Lib3_162X,F11,484,T,0.9873417721518988,79,
DI03,Lib3_162X,F11,485,T,1.0,89,
DI03,Lib3_162X,F12,483,T,0.9836956521739131,184,
DI03,Lib3_162X,F12,484,G,0.8613861386138614,202,
DI03,Lib3_162X,F12,485,T,0.9900990099009901,202,
DI03,Lib3_162X,G01,483,C,1.0,96,
DI03,Lib3_162X,G01,484,G,1.0,101,
DI03,Lib3_162X,G01,485,T,1.0,100,
DI03,Lib3_162X,G02,483,G,0.9807692307692307,156,
DI03,Lib3_162X,G02,484,A,0.9807692307692307,156,
DI03,Lib3_162X,G02,485,T,0.9803921568627451,153,
DI03,Lib3_162X,G03,483,A,0.9795918367346939,98,
DI03,Lib3_162X,G03,484,T,1.0,91,
DI03,Lib3_162X,G03,485,T,0.9795918367346939,98,
DI03,Lib3_162X,G04,483,G,0.9938650306748467,163,
DI03,Lib3_162X,G04,484,T,1.0,149,
DI03,Lib3_162X,G04,485,T,0.9936305732484076,157,
DI03,Lib3_162X,G05,483,T,1.0,131,
DI03,Lib3_162X,G05,484,T,0.9923664122137404,131,
DI03,Lib3_162X,G05,485,T,1.0,145,
DI03,Lib3_162X,G06,483,G,0.9925373134328358,134,
DI03,Lib3_162X,G06,484,C,1.0,125,
DI03,Lib3_162X,G06,485,G,1.0,131,
DI03,Lib3_162X,G07,483,G,1.0,162,
DI03,Lib3_162X,G07,484,G,1.0,161,
DI03,Lib3_162X,G07,485,T,1.0,160,
DI03,Lib3_162X,G08,483,G,0.9886363636363636,88,
DI03,Lib3_162X,G08,484,A,0.9883720930232558,86,
DI03,Lib3_162X,G08,485,G,1.0,88,
DI03,Lib3_162X,G09,483,A,0.961038961038961,77,
DI03,Lib3_162X,G09,484,C,0.9558823529411765,68,
DI03,Lib3_162X,G09,485,G,1.0,69,
DI03,Lib3_162X,G10,483,G,1.0,155,
DI03,Lib3_162X,G10,484,A,1.0,153,
DI03,Lib3_162X,G10,485,T,1.0,153,
DI03,Lib3_162X,G11,483,C,1.0,154,
DI03,Lib3_162X,G11,484,G,0.9939024390243902,164,
DI03,Lib3_162X,G11,485,T,0.9937106918238994,159,
DI03,Lib3_162X,G12,483,C,1.0,131,
DI03,Lib3_162X,G12,484,T,1.0,141,
DI03,Lib3_162X,G12,485,G,1.0,145,
DI03,Lib3_162X,H01,483,G,0.9955156950672646,223,
DI03,Lib3_162X,H01,484,A,0.9864253393665159,221,
DI03,Lib3_162X,H01,485,G,0.995475113122172,221,
DI03,Lib3_162X,H02,483,A,0.9929078014184397,141,
DI03,Lib3_162X,H02,484,C,1.0,136,
DI03,Lib3_162X,H02,485,G,1.0,132,
DI03,Lib3_162X,H03,#DEAD#,#DEAD#,0.0,131,#DEAD#
DI03,Lib3_162X,H04,483,T,0.986013986013986,143,
DI03,Lib3_162X,H04,484,A,0.9931506849315068,146,
DI03,Lib3_162X,H04,485,T,0.9932432432432432,148,
DI03,Lib3_162X,H05,483,G,0.9929078014184397,141,
DI03,Lib3_162X,H05,484,A,0.9854014598540146,137,
DI03,Lib3_162X,H05,485,G,1.0,137,
DI03,Lib3_162X,H06,483,T,0.9879518072289156,166,
DI03,Lib3_162X,H06,484,A,0.9829545454545454,176,
DI03,Lib3_162X,H06,485,T,0.9781420765027322,183,
DI03,Lib3_162X,H07,483,C,1.0,7,
DI03,Lib3_162X,H07,484,T,1.0,6,
DI03,Lib3_162X,H07,485,G,1.0,7,
DI03,Lib3_162X,H07,495,T,0.7142857142857143,7,Unexpected Variation
DI03,Lib3_162X,H07,496,G,0.7142857142857143,7,Unexpected Variation
DI03,Lib3_162X,H08,483,G,0.9875,160,
DI03,Lib3_162X,H08,484,G,0.9811320754716981,159,
DI03,Lib3_162X,H08,485,T,0.9873417721518988,158,
DI03,Lib3_162X,H09,483,A,0.9936305732484076,157,
DI03,Lib3_162X,H09,484,G,1.0,155,
DI03,Lib3_162X,H09,485,T,0.9935064935064936,154,
DI03,Lib3_162X,H10,483,G,0.6428571428571429,14,
DI03,Lib3_162X,H10,484,T,0.9285714285714286,14,
DI03,Lib3_162X,H10,485,T,0.5,14,
DI03,Lib3_162X,H11,483,A,0.9354838709677419,155,
DI03,Lib3_162X,H11,484,A,0.9285714285714286,154,
DI03,Lib3_162X,H11,485,T,1.0,156,
DI03,Lib3_162X,H12,483,A,0.9954545454545455,220,
DI03,Lib3_162X,H12,484,T,0.9896373056994818,193,
DI03,Lib3_162X,H12,485,G,1.0,216,
DI04,Lib4_166X,A01,#DEAD#,#DEAD#,0.0,166,#DEAD#
DI04,Lib4_166X,A02,495,A,1.0,93,
DI04,Lib4_166X,A02,496,C,1.0,78,
DI04,Lib4_166X,A02,497,G,1.0,104,
DI04,Lib4_166X,A03,495,T,1.0,121,
DI04,Lib4_166X,A03,496,A,1.0,122,
DI04,Lib4_166X,A03,497,T,0.9921259842519685,127,
DI04,Lib4_166X,A04,495,T,0.9949238578680203,197,
DI04,Lib4_166X,A04,496,G,0.9949748743718593,199,
DI04,Lib4_166X,A04,497,T,1.0,199,
DI04,Lib4_166X,A05,495,A,0.988950276243094,181,
DI04,Lib4_166X,A05,496,G,0.988950276243094,181,
DI04,Lib4_166X,A05,497,T,1.0,181,
DI04,Lib4_166X,A06,495,C,0.9830508474576272,177,
DI04,Lib4_166X,A06,496,A,0.9777777777777777,180,
DI04,Lib4_166X,A06,497,T,0.9946236559139785,186,
DI04,Lib4_166X,A07,495,T,0.98,200,
DI04,Lib4_166X,A07,496,G,0.9852941176470589,204,
DI04,Lib4_166X,A07,497,T,1.0,203,
DI04,Lib4_166X,A08,495,A,1.0,136,
DI04,Lib4_166X,A08,496,G,1.0,135,
DI04,Lib4_166X,A08,497,T,1.0,136,
DI04,Lib4_166X,A09,495,C,0.9770992366412213,131,
DI04,Lib4_166X,A09,496,T,1.0,135,
DI04,Lib4_166X,A09,497,T,1.0,139,
DI04,Lib4_166X,A10,495,A,1.0,144,
DI04,Lib4_166X,A10,496,T,1.0,143,
DI04,Lib4_166X,A10,497,T,1.0,145,
DI04,Lib4_166X,A11,495,C,0.9772727272727273,176,
DI04,Lib4_166X,A11,496,T,1.0,173,
DI04,Lib4_166X,A11,497,G,0.978494623655914,186,
DI04,Lib4_166X,A12,495,T,0.9903846153846154,104,
DI04,Lib4_166X,A12,496,G,0.9907407407407407,108,
DI04,Lib4_166X,A12,497,T,1.0,108,
DI04,Lib4_166X,B01,350,T,0.9921259842519685,127,Unexpected Variation
DI04,Lib4_166X,B01,495,C,0.9741379310344828,116,
DI04,Lib4_166X,B01,496,A,0.975,120,
DI04,Lib4_166X,B01,497,G,0.9767441860465116,129,
DI04,Lib4_166X,B02,459,T,0.9809523809523809,105,Unexpected Variation
DI04,Lib4_166X,B02,495,C,0.9805825242718447,103,
DI04,Lib4_166X,B02,496,A,0.9702970297029703,101,
DI04,Lib4_166X,B02,497,G,0.9809523809523809,105,
DI04,Lib4_166X,B03,495,G,0.970873786407767,103,
DI04,Lib4_166X,B03,496,T,1.0,103,
DI04,Lib4_166X,B03,497,G,0.9807692307692307,104,
DI04,Lib4_166X,B04,495,T,0.9897959183673469,98,
DI04,Lib4_166X,B04,496,G,0.9901960784313726,102,
DI04,Lib4_166X,B04,497,G,0.99,100,
DI04,Lib4_166X,B05,495,A,1.0,131,
DI04,Lib4_166X,B05,496,A,0.991869918699187,123,
DI04,Lib4_166X,B05,497,G,0.9923664122137404,131,
DI04,Lib4_166X,B06,495,G,0.9887640449438202,89,
DI04,Lib4_166X,B06,496,A,0.9883720930232558,86,
DI04,Lib4_166X,B06,497,G,0.9887640449438202,89,
DI04,Lib4_166X,B07,495,G,0.9857142857142858,140,
DI04,Lib4_166X,B07,496,T,0.9925373134328358,134,
DI04,Lib4_166X,B07,497,T,1.0,140,
DI04,Lib4_166X,B08,495,A,1.0,109,
DI04,Lib4_166X,B08,496,A,0.9813084112149533,107,
DI04,Lib4_166X,B08,497,T,1.0,109,
DI04,Lib4_166X,B09,495,C,0.96875,128,
DI04,Lib4_166X,B09,496,T,1.0,129,
DI04,Lib4_166X,B09,497,T,0.9851851851851852,135,
DI04,Lib4_166X,B10,495,A,1.0,124,
DI04,Lib4_166X,B10,496,T,1.0,124,
DI04,Lib4_166X,B10,497,T,1.0,124,
DI04,Lib4_166X,B11,495,A,1.0,71,
DI04,Lib4_166X,B11,496,T,1.0,72,
DI04,Lib4_166X,B11,497,T,1.0,72,
DI04,Lib4_166X,B12,495,G,0.9925373134328358,134,
DI04,Lib4_166X,B12,496,T,1.0,133,
DI04,Lib4_166X,B12,497,T,1.0,133,
DI04,Lib4_166X,C01,495,C,0.9805825242718447,103,
DI04,Lib4_166X,C01,496,T,1.0,110,
DI04,Lib4_166X,C01,497,T,1.0,115,
DI04,Lib4_166X,C02,359,A,1.0,86,Unexpected Variation
DI04,Lib4_166X,C02,495,G,0.9885057471264368,87,
DI04,Lib4_166X,C02,496,T,1.0,85,
DI04,Lib4_166X,C02,497,T,1.0,89,
DI04,Lib4_166X,C03,495,A,0.9930555555555556,144,
DI04,Lib4_166X,C03,496,A,1.0,139,
DI04,Lib4_166X,C03,497,G,1.0,144,
DI04,Lib4_166X,C04,495,A,1.0,88,
DI04,Lib4_166X,C04,496,T,0.9885057471264368,87,
DI04,Lib4_166X,C04,497,T,0.9885057471264368,87,
DI04,Lib4_166X,C05,495,A,0.9940828402366864,169,
DI04,Lib4_166X,C05,496,C,0.9939393939393939,165,
DI04,Lib4_166X,C05,497,G,0.9943502824858758,177,
DI04,Lib4_166X,C06,495,G,0.7466666666666667,150,
DI04,Lib4_166X,C06,496,A,0.9864864864864865,148,
DI04,Lib4_166X,C06,497,G,0.7266666666666667,150,
DI04,Lib4_166X,C07,495,C,0.9754098360655737,122,
DI04,Lib4_166X,C07,496,C,0.9855072463768116,138,
DI04,Lib4_166X,C07,497,G,0.986013986013986,143,
DI04,Lib4_166X,C08,495,A,1.0,131,
DI04,Lib4_166X,C08,496,G,0.9924812030075187,133,
DI04,Lib4_166X,C08,497,T,1.0,134,
DI04,Lib4_166X,C09,495,A,1.0,94,
DI04,Lib4_166X,C09,496,A,1.0,93,
DI04,Lib4_166X,C09,497,G,1.0,98,
DI04,Lib4_166X,C10,495,A,1.0,152,
DI04,Lib4_166X,C10,496,T,1.0,152,
DI04,Lib4_166X,C10,497,T,1.0,154,
DI04,Lib4_166X,C11,495,A,1.0,96,
DI04,Lib4_166X,C11,496,A,1.0,92,
DI04,Lib4_166X,C11,497,G,1.0,96,
DI04,Lib4_166X,C12,495,C,0.9649122807017544,114,
DI04,Lib4_166X,C12,496,C,0.9770992366412213,131,
DI04,Lib4_166X,C12,497,G,0.9781021897810219,137,
DI04,Lib4_166X,D01,495,T,0.9829059829059829,117,
DI04,Lib4_166X,D01,496,G,0.9833333333333333,120,
DI04,Lib4_166X,D01,497,T,1.0,120,
DI04,Lib4_166X,D02,495,G,1.0,91,
DI04,Lib4_166X,D02,496,A,1.0,89,
DI04,Lib4_166X,D02,497,T,1.0,92,
DI04,Lib4_166X,D03,495,A,1.0,18,
DI04,Lib4_166X,D03,496,T,1.0,18,
DI04,Lib4_166X,D03,497,G,1.0,18,
DI04,Lib4_166X,D04,495,T,0.9863013698630136,73,
DI04,Lib4_166X,D04,496,A,0.9863013698630136,73,
DI04,Lib4_166X,D04,497,T,1.0,78,
DI04,Lib4_166X,D05,495,C,0.971830985915493,71,
DI04,Lib4_166X,D05,496,T,0.9577464788732394,71,
DI04,Lib4_166X,D05,497,G,0.961038961038961,77,
DI04,Lib4_166X,D06,495,T,0.9861111111111112,72,
DI04,Lib4_166X,D06,496,T,0.9866666666666667,75,
DI04,Lib4_166X,D06,497,T,0.9875,80,
DI04,Lib4_166X,D07,495,C,1.0,106,
DI04,Lib4_166X,D07,496,T,0.9821428571428571,112,
DI04,Lib4_166X,D07,497,G,1.0,115,
DI04,Lib4_166X,D08,495,A,1.0,102,
DI04,Lib4_166X,D08,496,C,1.0,100,
DI04,Lib4_166X,D08,497,G,1.0,101,
DI04,Lib4_166X,D09,495,T,1.0,112,
DI04,Lib4_166X,D09,496,A,1.0,118,
DI04,Lib4_166X,D09,497,T,0.9916666666666667,120,
DI04,Lib4_166X,D10,495,A,1.0,75,
DI04,Lib4_166X,D10,496,T,0.9866666666666667,75,
DI04,Lib4_166X,D10,497,T,0.974025974025974,77,
DI04,Lib4_166X,D11,495,C,0.9545454545454546,22,
DI04,Lib4_166X,D11,496,A,0.9545454545454546,22,
DI04,Lib4_166X,D11,497,T,1.0,24,
DI04,Lib4_166X,D12,495,T,1.0,110,
DI04,Lib4_166X,D12,496,A,1.0,116,
DI04,Lib4_166X,D12,497,T,1.0,119,
DI04,Lib4_166X,E01,495,T,0.993006993006993,143,
DI04,Lib4_166X,E01,496,G,0.9932885906040269,149,
DI04,Lib4_166X,E01,497,T,1.0,150,
DI04,Lib4_166X,E02,495,C,1.0,77,
DI04,Lib4_166X,E02,496,G,1.0,79,
DI04,Lib4_166X,E02,497,T,1.0,78,
DI04,Lib4_166X,E03,495,G,1.0,67,
DI04,Lib4_166X,E03,496,T,1.0,64,
DI04,Lib4_166X,E03,497,G,1.0,64,
DI04,Lib4_166X,E04,495,C,1.0,58,
DI04,Lib4_166X,E04,496,C,1.0,67,
DI04,Lib4_166X,E04,497,G,1.0,69,
DI04,Lib4_166X,E05,495,A,1.0,87,
DI04,Lib4_166X,E05,496,T,1.0,86,
DI04,Lib4_166X,E05,497,T,1.0,85,
DI04,Lib4_166X,E06,495,T,0.9811320754716981,106,
DI04,Lib4_166X,E06,496,G,0.990909090909091,110,
DI04,Lib4_166X,E06,497,G,0.981651376146789,109,
DI04,Lib4_166X,E07,495,A,1.0,122,
DI04,Lib4_166X,E07,496,T,1.0,117,
DI04,Lib4_166X,E07,497,G,1.0,123,
DI04,Lib4_166X,E08,495,C,1.0,101,
DI04,Lib4_166X,E08,496,A,0.9791666666666666,96,
DI04,Lib4_166X,E08,497,G,1.0,103,
DI04,Lib4_166X,E09,495,T,0.9761904761904762,84,
DI04,Lib4_166X,E09,496,T,1.0,88,
DI04,Lib4_166X,E09,497,T,1.0,91,
DI04,Lib4_166X,E10,495,T,0.9743589743589743,39,
DI04,Lib4_166X,E10,496,T,1.0,43,
DI04,Lib4_166X,E10,497,T,1.0,44,
DI04,Lib4_166X,E11,495,C,0.991304347826087,115,
DI04,Lib4_166X,E11,496,T,1.0,117,
DI04,Lib4_166X,E11,497,T,1.0,125,
DI04,Lib4_166X,E12,495,C,1.0,90,
DI04,Lib4_166X,E12,496,A,1.0,90,
DI04,Lib4_166X,E12,497,T,1.0,92,
DI04,Lib4_166X,F01,495,G,0.9813664596273292,161,
DI04,Lib4_166X,F01,496,A,0.9813664596273292,161,
DI04,Lib4_166X,F01,497,G,0.9813664596273292,161,
DI04,Lib4_166X,F02,495,G,1.0,123,
DI04,Lib4_166X,F02,496,T,1.0,123,
DI04,Lib4_166X,F02,497,T,1.0,123,
DI04,Lib4_166X,F03,495,A,1.0,39,
DI04,Lib4_166X,F03,496,G,1.0,39,
DI04,Lib4_166X,F03,497,T,1.0,39,
DI04,Lib4_166X,F04,495,G,0.9873417721518988,158,
DI04,Lib4_166X,F04,496,G,0.9871794871794872,156,
DI04,Lib4_166X,F04,497,T,1.0,157,
DI04,Lib4_166X,F05,495,A,1.0,176,
DI04,Lib4_166X,F05,496,T,1.0,177,
DI04,Lib4_166X,F05,497,T,1.0,177,
DI04,Lib4_166X,F06,495,T,0.9830508474576272,118,
DI04,Lib4_166X,F06,496,G,0.9834710743801653,121,
DI04,Lib4_166X,F06,497,T,1.0,121,
DI04,Lib4_166X,F07,495,C,0.9926470588235294,136,
DI04,Lib4_166X,F07,496,T,0.9925373134328358,134,
DI04,Lib4_166X,F07,497,T,0.993103448275862,145,
DI04,Lib4_166X,F08,495,G,0.9857142857142858,140,
DI04,Lib4_166X,F08,496,G,0.9857142857142858,140,
DI04,Lib4_166X,F08,497,T,1.0,140,
DI04,Lib4_166X,F09,495,T,0.993421052631579,152,
DI04,Lib4_166X,F09,496,G,1.0,156,
DI04,Lib4_166X,F09,497,T,1.0,154,
DI04,Lib4_166X,F10,#DEAD#,#DEAD#,0.0,1,#DEAD#
DI04,Lib4_166X,F11,495,G,0.9555555555555556,90,
DI04,Lib4_166X,F11,496,G,0.9555555555555556,90,
DI04,Lib4_166X,F11,497,T,1.0,91,
DI04,Lib4_166X,F12,#DEAD#,#DEAD#,0.0,135,#DEAD#
DI04,Lib4_166X,G01,495,A,1.0,2,
DI04,Lib4_166X,G01,496,T,1.0,2,
DI04,Lib4_166X,G01,497,T,1.0,2,
DI04,Lib4_166X,G01,526,A,0.5,2,Unexpected Variation
DI04,Lib4_166X,G01,549,A,0.5,2,Unexpected Variation
DI04,Lib4_166X,G01,550,A,0.5,2,Unexpected Variation
DI04,Lib4_166X,G01,551,G,1.0,2,Unexpected Variation
DI04,Lib4_166X,G02,495,T,1.0,103,
DI04,Lib4_166X,G02,496,A,1.0,106,
DI04,Lib4_166X,G02,497,T,1.0,108,
DI04,Lib4_166X,G03,495,C,0.9876543209876543,81,
DI04,Lib4_166X,G03,496,T,1.0,83,
DI04,Lib4_166X,G03,497,G,0.9878048780487805,82,
DI04,Lib4_166X,G04,#DEAD#,#DEAD#,0.0,3,#DEAD#
DI04,Lib4_166X,G05,495,T,1.0,149,
DI04,Lib4_166X,G05,496,A,1.0,149,
DI04,Lib4_166X,G05,497,T,1.0,152,
DI04,Lib4_166X,G06,495,G,0.9924242424242424,132,
DI04,Lib4_166X,G06,496,A,0.9923664122137404,131,
DI04,Lib4_166X,G06,497,T,1.0,134,
DI04,Lib4_166X,G07,495,T,0.978021978021978,91,
DI04,Lib4_166X,G07,496,T,1.0,95,
DI04,Lib4_166X,G07,497,T,1.0,104,
DI04,Lib4_166X,G08,495,T,1.0,137,
DI04,Lib4_166X,G08,496,A,1.0,138,
DI04,Lib4_166X,G08,497,T,0.993103448275862,145,
DI04,Lib4_166X,G09,495,C,0.9897959183673469,98,
DI04,Lib4_166X,G09,496,C,0.990990990990991,111,
DI04,Lib4_166X,G09,497,G,0.9911504424778761,113,
DI04,Lib4_166X,G10,#DEAD#,#DEAD#,0.0,3,#DEAD#
DI04,Lib4_166X,G11,495,A,1.0,98,
DI04,Lib4_166X,G11,496,T,1.0,95,
DI04,Lib4_166X,G11,497,G,1.0,99,
DI04,Lib4_166X,G12,495,T,0.99,100,
DI04,Lib4_166X,G12,496,T,1.0,106,
DI04,Lib4_166X,G12,497,T,0.990990990990991,111,
DI04,Lib4_166X,H01,495,A,1.0,136,
DI04,Lib4_166X,H01,496,G,0.9852941176470589,136,
DI04,Lib4_166X,H01,497,T,1.0,139,
DI04,Lib4_166X,H02,495,C,0.9836065573770492,122,
DI04,Lib4_166X,H02,496,C,0.9923664122137404,131,
DI04,Lib4_166X,H02,497,G,0.9925925925925926,135,
DI04,Lib4_166X,H03,495,T,0.9872611464968153,157,
DI04,Lib4_166X,H03,496,A,0.9877300613496932,163,
DI04,Lib4_166X,H03,497,T,1.0,168,
DI04,Lib4_166X,H04,495,C,0.5963302752293578,109,
DI04,Lib4_166X,H04,496,T,0.6293103448275862,116,
DI04,Lib4_166X,H04,497,G,0.6173913043478261,115,
DI04,Lib4_166X,H05,495,T,0.9829059829059829,117,
DI04,Lib4_166X,H05,496,A,0.983739837398374,123,
DI04,Lib4_166X,H05,497,T,1.0,126,
DI04,Lib4_166X,H06,495,C,0.9733333333333334,150,
DI04,Lib4_166X,H06,496,T,0.9935483870967742,155,
DI04,Lib4_166X,H06,497,G,0.9759036144578314,166,
DI04,Lib4_166X,H07,495,A,0.9947643979057592,191,
DI04,Lib4_166X,H07,496,C,0.9893617021276596,188,
DI04,Lib4_166X,H07,497,G,0.9896373056994818,193,
DI04,Lib4_166X,H08,495,A,1.0,213,
DI04,Lib4_166X,H08,496,T,1.0,213,
DI04,Lib4_166X,H08,497,T,1.0,215,
DI04,Lib4_166X,H09,495,G,0.9940476190476191,168,
DI04,Lib4_166X,H09,496,T,0.9838709677419355,124,
DI04,Lib4_166X,H09,497,G,0.9942528735632183,174,
DI04,Lib4_166X,H10,495,A,0.9944444444444445,180,
DI04,Lib4_166X,H10,496,A,0.9702380952380952,168,
DI04,Lib4_166X,H10,497,G,0.9835164835164835,182,
DI04,Lib4_166X,H11,495,C,0.9779411764705882,136,
DI04,Lib4_166X,H11,496,C,0.9932432432432432,148,
DI04,Lib4_166X,H11,497,G,1.0,154,
DI04,Lib4_166X,H12,495,A,0.9838709677419355,62,
DI04,Lib4_166X,H12,496,G,0.9193548387096774,62,
DI04,Lib4_166X,H12,497,T,1.0,62,
DI05,Lib5_184X,A01,549,A,0.9791666666666666,96,
DI05,Lib5_184X,A01,550,A,0.9791666666666666,96,
DI05,Lib5_184X,A01,551,T,0.9791666666666666,96,
DI05,Lib5_184X,A02,549,C,1.0,50,
DI05,Lib5_184X,A02,550,A,1.0,48,
DI05,Lib5_184X,A02,551,G,1.0,51,
DI05,Lib5_184X,A03,549,G,0.978494623655914,93,
DI05,Lib5_184X,A03,550,G,0.9789473684210527,95,
DI05,Lib5_184X,A03,551,T,0.9789473684210527,95,
DI05,Lib5_184X,A04,549,A,0.9880952380952381,84,
DI05,Lib5_184X,A04,550,T,1.0,88,
DI05,Lib5_184X,A04,551,G,0.9883720930232558,86,
DI05,Lib5_184X,A05,549,T,1.0,74,
DI05,Lib5_184X,A05,550,G,0.9866666666666667,75,
DI05,Lib5_184X,A05,551,T,0.9864864864864865,74,
DI05,Lib5_184X,A06,549,G,0.9908256880733946,109,
DI05,Lib5_184X,A06,550,T,1.0,111,
DI05,Lib5_184X,A06,551,T,0.9908256880733946,109,
DI05,Lib5_184X,A07,549,G,0.9703703703703703,135,
DI05,Lib5_184X,A07,550,T,1.0,135,
DI05,Lib5_184X,A07,551,G,0.9701492537313433,134,
DI05,Lib5_184X,A08,549,G,0.979381443298969,97,
DI05,Lib5_184X,A08,550,G,0.9690721649484536,97,
DI05,Lib5_184X,A08,551,T,0.9791666666666666,96,
DI05,Lib5_184X,A09,549,C,0.9710144927536232,69,
DI05,Lib5_184X,A09,550,T,1.0,64,
DI05,Lib5_184X,A09,551,G,1.0,77,
DI05,Lib5_184X,A10,549,T,1.0,97,
DI05,Lib5_184X,A10,550,T,1.0,99,
DI05,Lib5_184X,A10,551,C,1.0,97,
DI05,Lib5_184X,A11,549,C,1.0,127,
DI05,Lib5_184X,A11,550,G,1.0,127,
DI05,Lib5_184X,A11,551,T,1.0,126,
DI05,Lib5_184X,A12,#DEAD#,#DEAD#,0.0,8,#DEAD#
DI05,Lib5_184X,B01,549,A,0.9864864864864865,74,
DI05,Lib5_184X,B01,550,C,0.987012987012987,77,
DI05,Lib5_184X,B01,551,G,0.987012987012987,77,
DI05,Lib5_184X,B02,549,C,1.0,42,
DI05,Lib5_184X,B02,550,A,1.0,36,
DI05,Lib5_184X,B02,551,T,1.0,31,
DI05,Lib5_184X,B03,549,T,1.0,34,
DI05,Lib5_184X,B03,550,T,1.0,33,
DI05,Lib5_184X,B03,551,C,1.0,31,
DI05,Lib5_184X,B04,549,G,0.9565217391304348,46,
DI05,Lib5_184X,B04,550,A,0.9565217391304348,46,
DI05,Lib5_184X,B04,551,T,0.9555555555555556,45,
DI05,Lib5_184X,B05,549,A,1.0,36,
DI05,Lib5_184X,B05,550,A,1.0,35,
DI05,Lib5_184X,B05,551,T,0.96875,32,
DI05,Lib5_184X,B06,549,G,0.9880952380952381,84,
DI05,Lib5_184X,B06,550,A,0.9879518072289156,83,
DI05,Lib5_184X,B06,551,G,0.9879518072289156,83,
DI05,Lib5_184X,B07,549,T,1.0,118,
DI05,Lib5_184X,B07,550,G,0.9830508474576272,118,
DI05,Lib5_184X,B07,551,T,0.9827586206896551,116,
DI05,Lib5_184X,B08,549,C,0.9565217391304348,138,
DI05,Lib5_184X,B08,550,T,1.0,138,
DI05,Lib5_184X,B08,551,T,0.9565217391304348,138,
DI05,Lib5_184X,B09,549,G,0.9864864864864865,74,
DI05,Lib5_184X,B09,550,T,1.0,77,
DI05,Lib5_184X,B09,551,G,0.987012987012987,77,
DI05,Lib5_184X,B10,549,T,1.0,65,
DI05,Lib5_184X,B10,550,T,1.0,65,
DI05,Lib5_184X,B10,551,C,1.0,62,
DI05,Lib5_184X,B11,549,C,1.0,46,
DI05,Lib5_184X,B11,550,C,1.0,48,
DI05,Lib5_184X,B11,551,G,1.0,47,
DI05,Lib5_184X,B12,549,A,0.75,12,
DI05,Lib5_184X,B12,550,T,1.0,12,
DI05,Lib5_184X,B12,551,G,0.75,12,
DI05,Lib5_184X,C01,483,A,0.6666666666666666,3,Unexpected Variation
DI05,Lib5_184X,C01,485,T,0.6666666666666666,3,Unexpected Variation
DI05,Lib5_184X,C01,549,T,1.0,3,
DI05,Lib5_184X,C01,550,T,1.0,3,
DI05,Lib5_184X,C01,551,C,1.0,3,
DI05,Lib5_184X,C02,549,A,0.926829268292683,41,
DI05,Lib5_184X,C02,550,A,0.926829268292683,41,
DI05,Lib5_184X,C02,551,T,0.9210526315789473,38,
DI05,Lib5_184X,C03,549,T,0.8636363636363636,44,
DI05,Lib5_184X,C03,550,G,0.8636363636363636,44,
DI05,Lib5_184X,C03,551,T,0.8571428571428571,42,
DI05,Lib5_184X,C04,549,A,0.9811320754716981,53,
DI05,Lib5_184X,C04,550,T,1.0,54,
DI05,Lib5_184X,C04,551,T,0.9811320754716981,53,
DI05,Lib5_184X,C05,288,A,0.7692307692307693,39,Unexpected Variation
DI05,Lib5_184X,C05,549,A,0.9259259259259259,54,
DI05,Lib5_184X,C05,550,G,0.9322033898305084,59,
DI05,Lib5_184X,C05,551,T,0.9636363636363636,55,
DI05,Lib5_184X,C06,549,A,0.9545454545454546,88,
DI05,Lib5_184X,C06,550,T,1.0,88,
DI05,Lib5_184X,C06,551,G,0.9545454545454546,88,
DI05,Lib5_184X,C07,549,G,1.0,57,
DI05,Lib5_184X,C07,550,G,1.0,58,
DI05,Lib5_184X,C07,551,T,1.0,55,
DI05,Lib5_184X,C08,549,C,1.0,26,
DI05,Lib5_184X,C08,550,A,1.0,26,
DI05,Lib5_184X,C08,551,T,1.0,25,
DI05,Lib5_184X,C09,549,A,1.0,24,
DI05,Lib5_184X,C09,550,A,1.0,25,
DI05,Lib5_184X,C09,551,G,1.0,25,
DI05,Lib5_184X,C10,287,A,0.7674418604651163,43,Unexpected Variation
DI05,Lib5_184X,C10,549,T,1.0,49,
DI05,Lib5_184X,C10,550,T,1.0,50,
DI05,Lib5_184X,C10,551,C,1.0,46,
DI05,Lib5_184X,C11,549,T,1.0,79,
DI05,Lib5_184X,C11,550,A,1.0,79,
DI05,Lib5_184X,C11,551,T,1.0,75,
DI05,Lib5_184X,C12,#DEAD#,#DEAD#,0.0,4,#DEAD#
DI05,Lib5_184X,D01,549,C,1.0,43,
DI05,Lib5_184X,D01,550,A,1.0,43,
DI05,Lib5_184X,D01,551,G,1.0,42,
DI05,Lib5_184X,D02,549,A,1.0,9,
DI05,Lib5_184X,D02,550,C,1.0,10,
DI05,Lib5_184X,D02,551,G,1.0,10,
DI05,Lib5_184X,D03,549,C,0.9534883720930233,43,
DI05,Lib5_184X,D03,550,C,0.9534883720930233,43,
DI05,Lib5_184X,D03,551,G,0.9523809523809523,42,
DI05,Lib5_184X,D04,549,A,0.9523809523809523,42,
DI05,Lib5_184X,D04,550,A,0.9523809523809523,42,
DI05,Lib5_184X,D04,551,G,0.975609756097561,41,
DI05,Lib5_184X,D05,549,T,1.0,60,
DI05,Lib5_184X,D05,550,A,0.9666666666666667,60,
DI05,Lib5_184X,D05,551,T,0.9642857142857143,56,
DI05,Lib5_184X,D06,549,G,0.9861111111111112,72,
DI05,Lib5_184X,D06,550,T,1.0,73,
DI05,Lib5_184X,D06,551,G,0.9863013698630136,73,
DI05,Lib5_184X,D07,287,A,0.7619047619047619,21,Unexpected Variation
DI05,Lib5_184X,D07,549,G,0.9629629629629629,27,
DI05,Lib5_184X,D07,550,T,1.0,27,
DI05,Lib5_184X,D07,551,G,0.9629629629629629,27,
DI05,Lib5_184X,D08,549,T,1.0,63,
DI05,Lib5_184X,D08,550,T,1.0,63,
DI05,Lib5_184X,D08,551,T,0.9672131147540983,61,
DI05,Lib5_184X,D09,549,A,1.0,41,
DI05,Lib5_184X,D09,550,A,1.0,42,
DI05,Lib5_184X,D09,551,G,1.0,42,
DI05,Lib5_184X,D10,549,T,1.0,20,
DI05,Lib5_184X,D10,550,T,1.0,19,
DI05,Lib5_184X,D10,551,C,1.0,19,
DI05,Lib5_184X,D11,#DEAD#,#DEAD#,0.0,18,#DEAD#
DI05,Lib5_184X,D12,#DEAD#,#DEAD#,0.0,9,#DEAD#
DI05,Lib5_184X,E01,549,C,0.94,50,
DI05,Lib5_184X,E01,550,T,1.0,49,
DI05,Lib5_184X,E01,551,T,0.9361702127659575,47,
DI05,Lib5_184X,E02,549,G,0.9710144927536232,69,
DI05,Lib5_184X,E02,550,T,1.0,70,
DI05,Lib5_184X,E02,551,G,0.9710144927536232,69,
DI05,Lib5_184X,E03,549,G,0.9696969696969697,33,
DI05,Lib5_184X,E03,550,G,0.96875,32,
DI05,Lib5_184X,E03,551,T,0.9696969696969697,33,
DI05,Lib5_184X,E04,549,A,1.0,38,
DI05,Lib5_184X,E04,550,C,1.0,41,
DI05,Lib5_184X,E04,551,G,1.0,39,
DI05,Lib5_184X,E05,549,C,0.972972972972973,37,
DI05,Lib5_184X,E05,550,G,0.9736842105263158,38,
DI05,Lib5_184X,E05,551,T,0.9736842105263158,38,
DI05,Lib5_184X,E06,549,C,0.9852941176470589,68,
DI05,Lib5_184X,E06,550,C,0.9850746268656716,67,
DI05,Lib5_184X,E06,551,G,0.9850746268656716,67,
DI05,Lib5_184X,E07,329,A,0.9636363636363636,55,Unexpected Variation
DI05,Lib5_184X,E07,549,C,0.9863013698630136,73,
DI05,Lib5_184X,E07,550,G,0.9863013698630136,73,
DI05,Lib5_184X,E07,551,T,0.9726027397260274,73,
DI05,Lib5_184X,E08,549,T,1.0,60,
DI05,Lib5_184X,E08,550,T,1.0,61,
DI05,Lib5_184X,E08,551,T,1.0,61,
DI05,Lib5_184X,E09,#DEAD#,#DEAD#,0.0,5,#DEAD#
DI05,Lib5_184X,E10,#DEAD#,#DEAD#,0.0,1,#DEAD#
DI05,Lib5_184X,E11,#DEAD#,#DEAD#,0.0,4,#DEAD#
DI05,Lib5_184X,E12,549,G,0.9,10,
DI05,Lib5_184X,E12,550,A,0.9090909090909091,11,
DI05,Lib5_184X,E12,551,T,0.9090909090909091,11,
DI05,Lib5_184X,F01,549,T,1.0,56,
DI05,Lib5_184X,F01,550,G,0.9827586206896551,58,
DI05,Lib5_184X,F01,551,T,0.9824561403508771,57,
DI05,Lib5_184X,F02,549,A,1.0,45,
DI05,Lib5_184X,F02,550,A,1.0,46,
DI05,Lib5_184X,F02,551,G,1.0,46,
DI05,Lib5_184X,F03,549,A,0.9787234042553191,47,
DI05,Lib5_184X,F03,550,A,0.9787234042553191,47,
DI05,Lib5_184X,F03,551,T,0.9761904761904762,42,
DI05,Lib5_184X,F04,549,G,0.9782608695652174,46,
DI05,Lib5_184X,F04,550,T,1.0,48,
DI05,Lib5_184X,F04,551,G,0.9787234042553191,47,
DI05,Lib5_184X,F05,549,T,1.0,69,
DI05,Lib5_184X,F05,550,T,1.0,69,
DI05,Lib5_184X,F05,551,C,1.0,66,
DI05,Lib5_184X,F06,549,A,1.0,73,
DI05,Lib5_184X,F06,550,T,1.0,79,
DI05,Lib5_184X,F06,551,T,1.0,79,
DI05,Lib5_184X,F07,549,A,0.9555555555555556,90,
DI05,Lib5_184X,F07,550,G,0.967391304347826,92,
DI05,Lib5_184X,F07,551,T,0.9887640449438202,89,
DI05,Lib5_184X,F08,549,T,1.0,60,
DI05,Lib5_184X,F08,550,T,1.0,61,
DI05,Lib5_184X,F08,551,T,0.9655172413793104,58,
DI05,Lib5_184X,F09,455,T,0.5,2,Unexpected Variation
DI05,Lib5_184X,F09,484,T,0.5,2,Unexpected Variation
DI05,Lib5_184X,F09,485,T,0.5,2,Unexpected Variation
DI05,Lib5_184X,F09,495,A,0.5,2,Unexpected Variation
DI05,Lib5_184X,F09,496,T,0.5,2,Unexpected Variation
DI05,Lib5_184X,F09,535,A,0.5,2,Unexpected Variation
DI05,Lib5_184X,F09,547,T,0.5,2,Unexpected Variation
DI05,Lib5_184X,F09,549,T,1.0,2,
DI05,Lib5_184X,F09,550,T,1.0,2,
DI05,Lib5_184X,F09,551,C,1.0,2,
DI05,Lib5_184X,F10,549,T,1.0,29,
DI05,Lib5_184X,F10,550,T,1.0,30,
DI05,Lib5_184X,F10,551,C,1.0,29,
DI05,Lib5_184X,F11,549,G,1.0,96,
DI05,Lib5_184X,F11,550,G,1.0,96,
DI05,Lib5_184X,F11,551,T,1.0,93,
DI05,Lib5_184X,F12,#DEAD#,#DEAD#,0.0,6,#DEAD#
DI05,Lib5_184X,G01,549,A,0.6885245901639344,61,
DI05,Lib5_184X,G01,550,A,0.6885245901639344,61,
DI05,Lib5_184X,G01,551,G,0.6885245901639344,61,
DI05,Lib5_184X,G02,549,G,0.9895833333333334,96,
DI05,Lib5_184X,G02,550,C,1.0,96,
DI05,Lib5_184X,G02,551,G,1.0,96,
DI05,Lib5_184X,G03,549,C,1.0,61,
DI05,Lib5_184X,G03,550,G,1.0,61,
DI05,Lib5_184X,G03,551,T,1.0,61,
DI05,Lib5_184X,G04,549,G,1.0,111,
DI05,Lib5_184X,G04,550,T,0.9910714285714286,112,
DI05,Lib5_184X,G04,551,G,1.0,108,
DI05,Lib5_184X,G05,549,A,0.9896907216494846,97,
DI05,Lib5_184X,G05,550,T,1.0,100,
DI05,Lib5_184X,G05,551,G,0.99,100,
DI05,Lib5_184X,G06,549,C,0.9886363636363636,88,
DI05,Lib5_184X,G06,550,G,0.9886363636363636,88,
DI05,Lib5_184X,G06,551,T,0.9888888888888889,90,
DI05,Lib5_184X,G07,549,C,0.9850746268656716,67,
DI05,Lib5_184X,G07,550,G,1.0,66,
DI05,Lib5_184X,G07,551,T,1.0,64,
DI05,Lib5_184X,G08,549,A,0.9888888888888889,90,
DI05,Lib5_184X,G08,550,T,1.0,92,
DI05,Lib5_184X,G08,551,G,0.9885057471264368,87,
DI05,Lib5_184X,G09,549,T,0.9747899159663865,119,
DI05,Lib5_184X,G09,550,G,0.9661016949152542,118,
DI05,Lib5_184X,G09,551,G,0.9572649572649573,117,
DI05,Lib5_184X,G10,549,A,0.75,20,
DI05,Lib5_184X,G10,550,A,0.8,20,
DI05,Lib5_184X,G10,551,T,0.6,20,
DI05,Lib5_184X,G11,549,C,0.9411764705882353,17,
DI05,Lib5_184X,G11,550,T,1.0,17,
DI05,Lib5_184X,G11,551,G,0.8888888888888888,18,
DI05,Lib5_184X,G12,#DEAD#,#DEAD#,0.0,5,#DEAD#
DI05,Lib5_184X,H01,549,T,1.0,136,
DI05,Lib5_184X,H01,550,G,1.0,131,
DI05,Lib5_184X,H01,551,G,1.0,134,
DI05,Lib5_184X,H02,549,G,0.9634146341463414,82,
DI05,Lib5_184X,H02,550,G,0.9634146341463414,82,
DI05,Lib5_184X,H02,551,T,0.9629629629629629,81,
DI05,Lib5_184X,H03,549,C,1.0,134,
DI05,Lib5_184X,H03,550,A,1.0,133,
DI05,Lib5_184X,H03,551,G,1.0,133,
DI05,Lib5_184X,H04,549,T,1.0,112,
DI05,Lib5_184X,H04,550,T,1.0,112,
DI05,Lib5_184X,H04,551,T,0.9818181818181818,110,
DI05,Lib5_184X,H05,549,C,0.9803921568627451,102,
DI05,Lib5_184X,H05,550,T,1.0,103,
DI05,Lib5_184X,H05,551,T,0.979381443298969,97,
DI05,Lib5_184X,H06,549,A,0.9924242424242424,132,
DI05,Lib5_184X,H06,550,T,1.0,139,
DI05,Lib5_184X,H06,551,T,0.9925925925925926,135,
DI05,Lib5_184X,H07,549,G,0.9722222222222222,108,
DI05,Lib5_184X,H07,550,T,1.0,111,
DI05,Lib5_184X,H07,551,T,0.9724770642201835,109,
DI05,Lib5_184X,H08,508,T,0.75,4,Unexpected Variation
DI05,Lib5_184X,H08,516,T,0.75,4,Unexpected Variation
DI05,Lib5_184X,H08,549,T,1.0,5,
DI05,Lib5_184X,H08,550,T,1.0,5,
DI05,Lib5_184X,H08,551,C,1.0,5,
DI05,Lib5_184X,H09,549,C,1.0,130,
DI05,Lib5_184X,H09,550,T,1.0,130,
DI05,Lib5_184X,H09,551,G,1.0,130,
DI05,Lib5_184X,H10,549,A,0.979381443298969,97,
DI05,Lib5_184X,H10,550,G,0.9807692307692307,104,
DI05,Lib5_184X,H10,551,T,1.0,98,
DI05,Lib5_184X,H11,549,T,0.864406779661017,59,
DI05,Lib5_184X,H11,550,G,0.8620689655172413,58,
DI05,Lib5_184X,H11,551,T,1.0,58,
DI05,Lib5_184X,H12,549,G,0.96875,64,
DI05,Lib5_184X,H12,550,T,1.0,68,
DI05,Lib5_184X,H12,551,T,0.9710144927536232,69,
DI06,Lib6_228X,A01,681,A,0.9923371647509579,261,
DI06,Lib6_228X,A01,682,A,0.989010989010989,273,
DI06,Lib6_228X,A01,683,T,0.9894736842105263,285,
DI06,Lib6_228X,A02,681,C,1.0,242,
DI06,Lib6_228X,A02,682,A,1.0,230,
DI06,Lib6_228X,A02,683,G,1.0,241,
DI06,Lib6_228X,A03,#DEAD#,#DEAD#,0.0,1,#DEAD#
DI06,Lib6_228X,A04,#DEAD#,#DEAD#,0.0,2,#DEAD#
DI06,Lib6_228X,A05,#DEAD#,#DEAD#,0.0,2,#DEAD#
DI06,Lib6_228X,A06,#DEAD#,#DEAD#,0.0,1,#DEAD#
DI06,Lib6_228X,A07,681,A,0.9739776951672863,269,
DI06,Lib6_228X,A07,682,G,1.0,293,
DI06,Lib6_228X,A07,683,T,0.9965635738831615,291,
DI06,Lib6_228X,A08,681,G,1.0,230,
DI06,Lib6_228X,A08,682,T,0.9957805907172996,237,
DI06,Lib6_228X,A08,683,T,1.0,239,
DI06,Lib6_228X,A09,681,A,0.9911894273127754,227,
DI06,Lib6_228X,A09,682,T,0.9924528301886792,265,
DI06,Lib6_228X,A09,683,T,0.9962546816479401,267,
DI06,Lib6_228X,A10,681,A,0.9878048780487805,246,
DI06,Lib6_228X,A10,682,G,1.0,274,
DI06,Lib6_228X,A10,683,C,1.0,276,
DI06,Lib6_228X,A11,681,G,0.9875518672199171,241,
DI06,Lib6_228X,A11,682,G,1.0,252,
DI06,Lib6_228X,A11,683,T,0.9873417721518988,237,
DI06,Lib6_228X,A12,681,G,0.9947368421052631,190,
DI06,Lib6_228X,A12,682,A,0.9825581395348837,172,
DI06,Lib6_228X,A12,683,T,0.9948186528497409,193,
DI06,Lib6_228X,B01,681,T,0.9861751152073732,217,
DI06,Lib6_228X,B01,682,A,0.9852216748768473,203,
DI06,Lib6_228X,B01,683,T,0.9861751152073732,217,
DI06,Lib6_228X,B02,681,A,1.0,116,
DI06,Lib6_228X,B02,682,T,0.9852941176470589,136,
DI06,Lib6_228X,B02,683,T,0.9852941176470589,136,
DI06,Lib6_228X,B03,681,A,0.9640287769784173,139,
DI06,Lib6_228X,B03,682,A,0.993421052631579,152,
DI06,Lib6_228X,B03,683,G,1.0,165,
DI06,Lib6_228X,B04,681,A,0.9753086419753086,162,
DI06,Lib6_228X,B04,682,A,1.0,172,
DI06,Lib6_228X,B04,683,G,1.0,190,
DI06,Lib6_228X,B05,681,G,1.0,156,
DI06,Lib6_228X,B05,682,T,0.9932885906040269,149,
DI06,Lib6_228X,B05,683,T,1.0,160,
DI06,Lib6_228X,B06,#DEAD#,#DEAD#,0.0,2,#DEAD#
DI06,Lib6_228X,B07,#DEAD#,#DEAD#,0.0,333,#DEAD#
DI06,Lib6_228X,B08,681,A,0.9883040935672515,171,
DI06,Lib6_228X,B08,682,A,0.9888268156424581,179,
DI06,Lib6_228X,B08,683,T,0.9896907216494846,194,
DI06,Lib6_228X,B09,681,A,0.9693877551020408,196,
DI06,Lib6_228X,B09,682,A,0.990521327014218,211,
DI06,Lib6_228X,B09,683,G,0.9911894273127754,227,
DI06,Lib6_228X,B10,681,A,0.9764150943396226,212,
DI06,Lib6_228X,B10,682,G,1.0,240,
DI06,Lib6_228X,B10,683,C,1.0,235,
DI06,Lib6_228X,B11,681,A,1.0,195,
DI06,Lib6_228X,B11,682,A,1.0,197,
DI06,Lib6_228X,B11,683,T,1.0,204,
DI06,Lib6_228X,B12,681,A,1.0,4,
DI06,Lib6_228X,B12,682,G,1.0,4,
DI06,Lib6_228X,B12,683,C,1.0,4,
DI06,Lib6_228X,C01,#DEAD#,#DEAD#,0.0,2,#DEAD#
DI06,Lib6_228X,C02,681,C,0.9900497512437811,201,
DI06,Lib6_228X,C02,682,T,1.0,198,
DI06,Lib6_228X,C02,683,G,0.995049504950495,202,
DI06,Lib6_228X,C03,#DEAD#,#DEAD#,0.0,2,#DEAD#
DI06,Lib6_228X,C05,#DEAD#,#DEAD#,0.0,0,#DEAD#
DI06,Lib6_228X,C06,681,T,0.9863481228668942,293,
DI06,Lib6_228X,C06,682,G,1.0,297,
DI06,Lib6_228X,C06,683,T,0.9930795847750865,289,
DI06,Lib6_228X,C07,681,A,0.9823008849557522,226,
DI06,Lib6_228X,C07,682,G,1.0,264,
DI06,Lib6_228X,C07,683,T,0.9961089494163424,257,
DI06,Lib6_228X,C08,681,A,0.9786324786324786,234,
DI06,Lib6_228X,C08,682,C,1.0,263,
DI06,Lib6_228X,C08,683,G,1.0,263,
DI06,Lib6_228X,C09,681,C,1.0,188,
DI06,Lib6_228X,C09,682,G,1.0,188,
DI06,Lib6_228X,C09,683,T,1.0,185,
DI06,Lib6_228X,C10,681,A,0.9787234042553191,235,
DI06,Lib6_228X,C10,682,G,1.0,254,
DI06,Lib6_228X,C10,683,C,0.996,250,
DI06,Lib6_228X,C11,681,G,0.9888888888888889,270,
DI06,Lib6_228X,C11,682,T,0.9890510948905109,274,
DI06,Lib6_228X,C11,683,T,0.9891304347826086,276,
DI06,Lib6_228X,C12,681,A,0.979253112033195,241,
DI06,Lib6_228X,C12,682,T,0.9962406015037594,266,
DI06,Lib6_228X,C12,683,G,0.996268656716418,268,
DI06,Lib6_228X,D04,681,T,1.0,241,
DI06,Lib6_228X,D04,682,T,1.0,244,
DI06,Lib6_228X,D04,683,T,1.0,245,
DI06,Lib6_228X,D05,#DEAD#,#DEAD#,0.0,160,#DEAD#
DI06,Lib6_228X,D06,681,C,0.9819494584837545,277,
DI06,Lib6_228X,D06,682,A,0.9845559845559846,259,
DI06,Lib6_228X,D06,683,T,0.9816849816849816,273,
DI06,Lib6_228X,D07,681,C,1.0,215,
DI06,Lib6_228X,D07,682,G,1.0,213,
DI06,Lib6_228X,D07,683,T,1.0,208,
DI06,Lib6_228X,D08,681,C,1.0,195,
DI06,Lib6_228X,D08,682,G,1.0,194,
DI06,Lib6_228X,D08,683,T,1.0,191,
DI06,Lib6_228X,D09,681,T,0.9923076923076923,130,
DI06,Lib6_228X,D09,682,G,1.0,133,
DI06,Lib6_228X,D09,683,T,0.9923076923076923,130,
DI06,Lib6_228X,D10,681,A,0.9910313901345291,223,
DI06,Lib6_228X,D10,682,G,1.0,240,
DI06,Lib6_228X,D10,683,C,1.0,242,
DI06,Lib6_228X,D11,681,C,0.9958333333333333,240,
DI06,Lib6_228X,D11,682,A,0.9956709956709957,231,
DI06,Lib6_228X,D11,683,G,0.9917355371900827,242,
DI06,Lib6_228X,D12,681,A,0.9787234042553191,188,
DI06,Lib6_228X,D12,682,G,1.0,225,
DI06,Lib6_228X,D12,683,T,0.990990990990991,222,
DI06,Lib6_228X,E01,681,C,0.9958847736625515,243,
DI06,Lib6_228X,E01,682,G,0.9958677685950413,242,
DI06,Lib6_228X,E01,683,T,0.9915966386554622,238,
DI06,Lib6_228X,E02,681,C,1.0,86,
DI06,Lib6_228X,E02,682,T,0.9883720930232558,86,
DI06,Lib6_228X,E02,683,T,0.9885057471264368,87,
DI06,Lib6_228X,E03,681,T,0.985,200,
DI06,Lib6_228X,E03,682,T,0.985,200,
DI06,Lib6_228X,E03,683,T,0.9801980198019802,202,
DI06,Lib6_228X,E04,681,A,1.0,162,
DI06,Lib6_228X,E04,682,T,0.9947916666666666,192,
DI06,Lib6_228X,E04,683,G,0.9948717948717949,195,
DI06,Lib6_228X,E05,681,A,1.0,185,
DI06,Lib6_228X,E05,682,C,0.9948717948717949,195,
DI06,Lib6_228X,E05,683,G,0.9949494949494949,198,
DI06,Lib6_228X,E06,681,G,0.993421052631579,304,
DI06,Lib6_228X,E06,682,A,0.9893238434163701,281,
DI06,Lib6_228X,E06,683,T,0.9904458598726115,314,
DI06,Lib6_228X,E07,681,A,0.9861751152073732,217,
DI06,Lib6_228X,E07,682,T,0.99609375,256,
DI06,Lib6_228X,E07,683,T,0.9923954372623575,263,
DI06,Lib6_228X,E08,681,T,0.991869918699187,246,
DI06,Lib6_228X,E08,682,G,1.0,245,
DI06,Lib6_228X,E08,683,G,0.9919028340080972,247,
DI06,Lib6_228X,E09,681,G,0.9953051643192489,213,
DI06,Lib6_228X,E09,682,C,0.9953917050691244,217,
DI06,Lib6_228X,E09,683,G,0.995475113122172,221,
DI06,Lib6_228X,E11,681,A,0.9867549668874173,151,
DI06,Lib6_228X,E11,682,G,1.0,183,
DI06,Lib6_228X,E11,683,T,0.9945054945054945,182,
DI06,Lib6_228X,E12,681,C,0.9911894273127754,227,
DI06,Lib6_228X,E12,682,T,0.9911894273127754,227,
DI06,Lib6_228X,E12,683,T,0.9911894273127754,227,
DI06,Lib6_228X,F01,681,G,0.9890510948905109,274,
DI06,Lib6_228X,F01,682,G,1.0,290,
DI06,Lib6_228X,F01,683,T,0.980544747081712,257,
DI06,Lib6_228X,F02,681,G,0.9954337899543378,219,
DI06,Lib6_228X,F02,682,T,1.0,205,
DI06,Lib6_228X,F02,683,G,1.0,226,
DI06,Lib6_228X,F03,681,A,0.9906976744186047,215,
DI06,Lib6_228X,F03,682,T,0.9881889763779528,254,
DI06,Lib6_228X,F03,683,G,0.9845559845559846,259,
DI06,Lib6_228X,F04,681,T,0.9840425531914894,188,
DI06,Lib6_228X,F04,682,G,1.0,188,
DI06,Lib6_228X,F04,683,T,0.9837837837837838,185,
DI06,Lib6_228X,F05,681,A,0.9938271604938271,162,
DI06,Lib6_228X,F05,682,T,0.984375,192,
DI06,Lib6_228X,F05,683,G,0.984375,192,
DI06,Lib6_228X,F06,#DEAD#,#DEAD#,0.0,2,#DEAD#
DI06,Lib6_228X,F07,681,C,0.9928571428571429,280,
DI06,Lib6_228X,F07,682,T,0.9890909090909091,275,
DI06,Lib6_228X,F07,683,G,0.996415770609319,279,
DI06,Lib6_228X,F08,681,T,0.9908256880733946,218,
DI06,Lib6_228X,F08,682,G,1.0,220,
DI06,Lib6_228X,F08,683,T,0.990521327014218,211,
DI06,Lib6_228X,F09,681,C,0.9834254143646409,181,
DI06,Lib6_228X,F09,682,C,0.9834254143646409,181,
DI06,Lib6_228X,F09,683,G,0.9834254143646409,181,
DI06,Lib6_228X,F10,#DEAD#,#DEAD#,0.0,0,#DEAD#
DI06,Lib6_228X,F12,681,G,0.9787234042553191,282,
DI06,Lib6_228X,F12,682,A,0.9725490196078431,255,
DI06,Lib6_228X,F12,683,G,0.9789473684210527,285,
DI06,Lib6_228X,G01,681,G,0.96875,32,
DI06,Lib6_228X,G01,682,T,0.96875,32,
DI06,Lib6_228X,G01,683,G,0.9696969696969697,33,
DI06,Lib6_228X,G02,681,A,0.9704433497536946,203,
DI06,Lib6_228X,G02,682,G,0.9957446808510638,235,
DI06,Lib6_228X,G02,683,T,0.9957264957264957,234,
DI06,Lib6_228X,G03,681,A,0.9863013698630136,219,
DI06,Lib6_228X,G03,682,G,1.0,260,
DI06,Lib6_228X,G03,683,T,0.9884169884169884,259,
DI06,Lib6_228X,G04,681,A,1.0,2,
DI06,Lib6_228X,G04,682,G,1.0,2,
DI06,Lib6_228X,G04,683,C,1.0,2,
DI06,Lib6_228X,G04,741,A,0.5,2,Unexpected Variation
DI06,Lib6_228X,G05,681,G,0.9752650176678446,283,
DI06,Lib6_228X,G05,682,A,0.9616858237547893,261,
DI06,Lib6_228X,G05,683,G,0.9765100671140939,298,
DI06,Lib6_228X,G06,681,T,0.9523809523809523,21,
DI06,Lib6_228X,G06,682,A,0.9523809523809523,21,
DI06,Lib6_228X,G06,683,T,0.9523809523809523,21,
DI06,Lib6_228X,G07,681,G,0.994475138121547,181,
DI06,Lib6_228X,G07,682,T,0.9942857142857143,175,
DI06,Lib6_228X,G07,683,T,0.9890710382513661,183,
DI06,Lib6_228X,G08,681,A,0.9773584905660377,265,
DI06,Lib6_228X,G08,682,A,0.9893238434163701,281,
DI06,Lib6_228X,G08,683,G,0.9933110367892977,299,
DI06,Lib6_228X,G09,681,A,0.9879518072289156,166,
DI06,Lib6_228X,G09,682,T,0.9783783783783784,185,
DI06,Lib6_228X,G09,683,G,0.9786096256684492,187,
DI06,Lib6_228X,G10,#DEAD#,#DEAD#,0.0,0,#DEAD#
DI06,Lib6_228X,G11,681,A,0.9874213836477987,318,
DI06,Lib6_228X,G11,682,A,0.9907120743034056,323,
DI06,Lib6_228X,G11,683,T,0.9883720930232558,344,
DI06,Lib6_228X,G12,681,T,0.9849624060150376,133,
DI06,Lib6_228X,G12,682,T,0.9848484848484849,132,
DI06,Lib6_228X,G12,683,T,0.9774436090225563,133,
DI06,Lib6_228X,H01,681,A,0.9879518072289156,166,
DI06,Lib6_228X,H01,682,A,0.9941860465116279,172,
DI06,Lib6_228X,H01,683,T,0.9945945945945946,185,
DI06,Lib6_228X,H02,#DEAD#,#DEAD#,0.0,0,#DEAD#
DI06,Lib6_228X,H03,681,A,1.0,98,
DI06,Lib6_228X,H03,682,T,1.0,109,
DI06,Lib6_228X,H03,683,G,1.0,114,
DI06,Lib6_228X,H04,681,A,0.9933333333333333,150,
DI06,Lib6_228X,H04,682,T,0.9942196531791907,173,
DI06,Lib6_228X,H04,683,T,0.9885714285714285,175,
DI06,Lib6_228X,H05,681,G,0.9941860465116279,172,
DI06,Lib6_228X,H05,682,T,0.9941520467836257,171,
DI06,Lib6_228X,H05,683,T,0.9943502824858758,177,
DI06,Lib6_228X,H06,681,C,0.98046875,256,
DI06,Lib6_228X,H06,682,C,0.980544747081712,257,
DI06,Lib6_228X,H06,683,G,0.972972972972973,259,
DI06,Lib6_228X,H07,681,C,1.0,81,
DI06,Lib6_228X,H07,682,G,1.0,83,
DI06,Lib6_228X,H07,683,T,0.9634146341463414,82,
DI06,Lib6_228X,H08,681,T,0.987012987012987,154,
DI06,Lib6_228X,H08,682,G,1.0,156,
DI06,Lib6_228X,H08,683,G,0.9871794871794872,156,
DI06,Lib6_228X,H09,681,G,0.7352941176470589,170,
DI06,Lib6_228X,H09,682,A,0.8098159509202454,163,
DI06,Lib6_228X,H09,683,T,0.8208092485549133,173,
DI06,Lib6_228X,H10,#DEAD#,#DEAD#,0.0,1,#DEAD#
DI06,Lib6_228X,H11,681,G,0.970873786407767,103,
DI06,Lib6_228X,H11,682,T,0.9722222222222222,108,
DI06,Lib6_228X,H11,683,T,0.9722222222222222,108,
DI06,Lib6_228X,H12,#DEAD#,#DEAD#,0.0,197,#DEAD#
DI07,Lib7_292X,A01,#DEAD#,#DEAD#,0.0,129,#DEAD#
DI07,Lib7_292X,A02,873,A,0.9880952380952381,168,
DI07,Lib7_292X,A02,874,G,1.0,169,
DI07,Lib7_292X,A02,875,T,0.9933333333333333,150,
DI07,Lib7_292X,A03,873,G,0.9583333333333334,24,
DI07,Lib7_292X,A03,874,T,0.9,20,
DI07,Lib7_292X,A03,875,T,1.0,23,
DI07,Lib7_292X,A04,873,G,0.9634146341463414,82,
DI07,Lib7_292X,A04,874,G,1.0,85,
DI07,Lib7_292X,A04,875,T,0.9743589743589743,78,
DI07,Lib7_292X,A05,873,C,1.0,178,
DI07,Lib7_292X,A05,874,T,0.9673202614379085,153,
DI07,Lib7_292X,A05,875,T,1.0,160,
DI07,Lib7_292X,A06,#DEAD#,#DEAD#,0.0,46,#DEAD#
DI07,Lib7_292X,A07,873,G,0.9953703703703703,216,
DI07,Lib7_292X,A07,874,T,0.9358288770053476,187,
DI07,Lib7_292X,A07,875,G,0.9908675799086758,219,
DI07,Lib7_292X,A08,865,T,0.6666666666666666,3,Unexpected Variation
DI07,Lib7_292X,A08,873,A,1.0,4,
DI07,Lib7_292X,A08,874,G,1.0,4,
DI07,Lib7_292X,A08,875,C,1.0,4,
DI07,Lib7_292X,A08,900,G,0.5,4,Unexpected Variation
DI07,Lib7_292X,A08,901,T,0.5,4,Unexpected Variation
DI07,Lib7_292X,A08,902,G,0.75,4,Unexpected Variation
DI07,Lib7_292X,A09,873,A,1.0,193,
DI07,Lib7_292X,A09,874,T,0.8987341772151899,158,
DI07,Lib7_292X,A09,875,T,0.9883040935672515,171,
DI07,Lib7_292X,A10,873,A,1.0,83,
DI07,Lib7_292X,A10,874,G,1.0,84,
DI07,Lib7_292X,A10,875,C,1.0,80,
DI07,Lib7_292X,A11,873,T,0.9714285714285714,70,
DI07,Lib7_292X,A11,874,T,0.953125,64,
DI07,Lib7_292X,A11,875,T,0.9344262295081968,61,
DI07,Lib7_292X,A12,#DEAD#,#DEAD#,0.0,109,#DEAD#
DI07,Lib7_292X,B01,681,A,0.5555555555555556,9,Unexpected Variation
DI07,Lib7_292X,B01,682,G,0.75,12,Unexpected Variation
DI07,Lib7_292X,B01,683,C,0.75,12,Unexpected Variation
DI07,Lib7_292X,B01,873,C,0.8,10,
DI07,Lib7_292X,B01,874,T,0.4444444444444444,9,
DI07,Lib7_292X,B01,875,G,0.7777777777777778,9,
DI07,Lib7_292X,B01,885,T,0.7142857142857143,7,Unexpected Variation
DI07,Lib7_292X,B02,873,A,1.0,41,
DI07,Lib7_292X,B02,874,A,0.9512195121951219,41,
DI07,Lib7_292X,B02,875,T,0.9444444444444444,36,
DI07,Lib7_292X,B03,873,C,1.0,49,
DI07,Lib7_292X,B03,874,G,1.0,51,
DI07,Lib7_292X,B03,875,T,1.0,43,
DI07,Lib7_292X,B04,873,T,0.9540229885057471,87,
DI07,Lib7_292X,B04,874,T,0.7575757575757576,66,
DI07,Lib7_292X,B04,875,T,0.922077922077922,77,
DI07,Lib7_292X,B05,873,A,1.0,52,
DI07,Lib7_292X,B05,874,G,1.0,52,
DI07,Lib7_292X,B05,875,T,0.9555555555555556,45,
DI07,Lib7_292X,B06,873,T,0.9885057471264368,87,
DI07,Lib7_292X,B06,874,G,1.0,93,
DI07,Lib7_292X,B06,875,G,1.0,86,
DI07,Lib7_292X,B07,#DEAD#,#DEAD#,0.0,192,#DEAD#
DI07,Lib7_292X,B08,#DEAD#,#DEAD#,0.0,79,#DEAD#
DI07,Lib7_292X,B09,873,A,1.0,155,
DI07,Lib7_292X,B09,874,T,0.9922480620155039,129,
DI07,Lib7_292X,B09,875,G,1.0,154,
DI07,Lib7_292X,B10,873,A,1.0,62,
DI07,Lib7_292X,B10,874,G,1.0,60,
DI07,Lib7_292X,B10,875,C,1.0,62,
DI07,Lib7_292X,B11,873,A,1.0,2,
DI07,Lib7_292X,B11,874,G,1.0,2,
DI07,Lib7_292X,B11,875,C,1.0,2,
DI07,Lib7_292X,B11,890,A,0.5,2,Unexpected Variation
DI07,Lib7_292X,B11,900,C,1.0,2,Unexpected Variation
DI07,Lib7_292X,B11,902,T,1.0,2,Unexpected Variation
DI07,Lib7_292X,B12,873,A,0.9886792452830189,265,
DI07,Lib7_292X,B12,874,G,1.0,266,
DI07,Lib7_292X,B12,875,T,0.9910714285714286,224,
DI07,Lib7_292X,C01,873,G,0.9484536082474226,97,
DI07,Lib7_292X,C01,874,G,1.0,105,
DI07,Lib7_292X,C01,875,T,0.9318181818181818,88,
DI07,Lib7_292X,C02,#DEAD#,#DEAD#,0.0,2,#DEAD#
DI07,Lib7_292X,C03,873,G,1.0,135,
DI07,Lib7_292X,C03,874,A,0.9844961240310077,129,
DI07,Lib7_292X,C03,875,G,1.0,133,
DI07,Lib7_292X,C04,873,C,1.0,72,
DI07,Lib7_292X,C04,874,C,1.0,70,
DI07,Lib7_292X,C04,875,G,1.0,76,
DI07,Lib7_292X,C05,873,A,1.0,173,
DI07,Lib7_292X,C05,874,T,0.9533333333333334,150,
DI07,Lib7_292X,C05,875,G,0.9883720930232558,172,
DI07,Lib7_292X,C06,873,G,1.0,164,
DI07,Lib7_292X,C06,874,T,0.9236111111111112,144,
DI07,Lib7_292X,C06,875,G,1.0,170,
DI07,Lib7_292X,C07,873,C,0.9745762711864406,236,
DI07,Lib7_292X,C07,874,T,0.9267015706806283,191,
DI07,Lib7_292X,C07,875,T,0.9603960396039604,202,
DI07,Lib7_292X,C08,#DEAD#,#DEAD#,0.0,0,#DEAD#
DI07,Lib7_292X,C09,#DEAD#,#DEAD#,0.0,2,#DEAD#
DI07,Lib7_292X,C10,#DEAD#,#DEAD#,0.0,3,#DEAD#
DI07,Lib7_292X,C11,873,A,1.0,264,
DI07,Lib7_292X,C11,874,G,1.0,265,
DI07,Lib7_292X,C11,875,T,0.9873417721518988,237,
DI07,Lib7_292X,C12,873,A,0.9901477832512315,203,
DI07,Lib7_292X,C12,874,C,0.9736842105263158,190,
DI07,Lib7_292X,C12,875,G,0.9736842105263158,190,
DI07,Lib7_292X,D01,#DEAD#,#DEAD#,0.0,1,#DEAD#
DI07,Lib7_292X,D02,#DEAD#,#DEAD#,0.0,4,#DEAD#
DI07,Lib7_292X,D03,#DEAD#,#DEAD#,0.0,1,#DEAD#
DI07,Lib7_292X,D04,#DEAD#,#DEAD#,0.0,0,#DEAD#
DI07,Lib7_292X,D05,873,G,0.9714285714285714,35,
DI07,Lib7_292X,D05,874,T,0.9333333333333333,30,
DI07,Lib7_292X,D05,875,G,0.9722222222222222,36,
DI07,Lib7_292X,D06,873,G,0.9333333333333333,45,
DI07,Lib7_292X,D06,874,C,0.9333333333333333,45,
DI07,Lib7_292X,D06,875,G,0.9333333333333333,45,
DI07,Lib7_292X,D07,873,G,0.9811320754716981,53,
DI07,Lib7_292X,D07,874,T,0.9555555555555556,45,
DI07,Lib7_292X,D07,875,T,0.9824561403508771,57,
DI07,Lib7_292X,D08,873,G,0.9672131147540983,61,
DI07,Lib7_292X,D08,874,T,0.8448275862068966,58,
DI07,Lib7_292X,D08,875,G,0.9516129032258065,62,
DI07,Lib7_292X,D09,873,G,1.0,147,
DI07,Lib7_292X,D09,874,C,1.0,145,
DI07,Lib7_292X,D09,875,G,1.0,153,
DI07,Lib7_292X,D10,873,A,0.9900990099009901,101,
DI07,Lib7_292X,D10,874,G,1.0,102,
DI07,Lib7_292X,D10,875,C,1.0,98,
DI07,Lib7_292X,D11,873,C,0.993006993006993,143,
DI07,Lib7_292X,D11,874,A,0.9927007299270073,137,
DI07,Lib7_292X,D11,875,G,0.9788732394366197,142,
DI07,Lib7_292X,D12,873,A,1.0,107,
DI07,Lib7_292X,D12,874,A,0.9901960784313726,102,
DI07,Lib7_292X,D12,875,G,0.9903846153846154,104,
DI07,Lib7_292X,E01,873,A,0.9947089947089947,189,
DI07,Lib7_292X,E01,874,G,1.0,191,
DI07,Lib7_292X,E01,875,T,0.9807692307692307,156,
DI07,Lib7_292X,E02,#DEAD#,#DEAD#,0.0,29,#DEAD#
DI07,Lib7_292X,E03,873,A,1.0,91,
DI07,Lib7_292X,E03,874,G,1.0,92,
DI07,Lib7_292X,E03,875,T,0.9885057471264368,87,
DI07,Lib7_292X,E04,873,A,1.0,65,
DI07,Lib7_292X,E04,874,C,0.9836065573770492,61,
DI07,Lib7_292X,E04,875,G,0.9841269841269841,63,
DI07,Lib7_292X,E05,873,G,0.92,50,
DI07,Lib7_292X,E05,874,G,1.0,59,
DI07,Lib7_292X,E05,875,T,0.9454545454545454,55,
DI07,Lib7_292X,E06,873,A,1.0,145,
DI07,Lib7_292X,E06,874,T,0.9646017699115044,113,
DI07,Lib7_292X,E06,875,T,1.0,121,
DI07,Lib7_292X,E07,873,T,1.0,106,
DI07,Lib7_292X,E07,874,G,1.0,111,
DI07,Lib7_292X,E07,875,G,1.0,104,
DI07,Lib7_292X,E08,873,C,1.0,139,
DI07,Lib7_292X,E08,874,T,0.9915966386554622,119,
DI07,Lib7_292X,E08,875,T,0.984375,128,
DI07,Lib7_292X,E09,873,A,1.0,85,
DI07,Lib7_292X,E09,874,C,0.9876543209876543,81,
DI07,Lib7_292X,E09,875,G,0.9878048780487805,82,
DI07,Lib7_292X,E10,873,A,0.9826086956521739,115,
DI07,Lib7_292X,E10,874,T,0.83,100,
DI07,Lib7_292X,E10,875,G,1.0,114,
DI07,Lib7_292X,E11,873,G,1.0,90,
DI07,Lib7_292X,E11,874,T,0.948051948051948,77,
DI07,Lib7_292X,E11,875,T,1.0,90,
DI07,Lib7_292X,E12,873,A,1.0,200,
DI07,Lib7_292X,E12,874,A,0.9897959183673469,196,
DI07,Lib7_292X,E12,875,G,1.0,199,
DI07,Lib7_292X,F01,#DEAD#,#DEAD#,0.0,1,#DEAD#
DI07,Lib7_292X,F02,873,G,1.0,105,
DI07,Lib7_292X,F02,874,T,0.9080459770114943,87,
DI07,Lib7_292X,F02,875,T,1.0,100,
DI07,Lib7_292X,F03,873,C,0.9915254237288136,236,
DI07,Lib7_292X,F03,874,G,0.995850622406639,241,
DI07,Lib7_292X,F03,875,T,0.9861751152073732,217,
DI07,Lib7_292X,F04,873,T,0.984251968503937,127,
DI07,Lib7_292X,F04,874,A,0.9836065573770492,122,
DI07,Lib7_292X,F04,875,T,0.9722222222222222,108,
DI07,Lib7_292X,F05,873,A,0.671875,128,
DI07,Lib7_292X,F05,874,A,0.656,125,
DI07,Lib7_292X,F05,875,T,0.6610169491525424,118,
DI07,Lib7_292X,F06,873,G,0.9897435897435898,195,
DI07,Lib7_292X,F06,874,A,0.9794871794871794,195,
DI07,Lib7_292X,F06,875,G,0.9948717948717949,195,
DI07,Lib7_292X,F07,#DEAD#,#DEAD#,0.0,0,#DEAD#
DI07,Lib7_292X,F08,873,A,1.0,151,
DI07,Lib7_292X,F08,874,A,0.972027972027972,143,
DI07,Lib7_292X,F08,875,T,0.9629629629629629,135,
DI07,Lib7_292X,F09,873,T,0.95,100,
DI07,Lib7_292X,F09,874,T,0.8068181818181818,88,
DI07,Lib7_292X,F09,875,T,0.9473684210526315,95,
DI07,Lib7_292X,F10,873,G,1.0,149,
DI07,Lib7_292X,F10,874,G,1.0,155,
DI07,Lib7_292X,F10,875,T,1.0,135,
DI07,Lib7_292X,F11,#DEAD#,#DEAD#,0.0,1,#DEAD#
DI07,Lib7_292X,F12,873,G,0.9813953488372092,215,
DI07,Lib7_292X,F12,874,G,1.0,236,
DI07,Lib7_292X,F12,875,T,0.9853658536585366,205,
DI07,Lib7_292X,G01,873,C,0.9826839826839827,231,
DI07,Lib7_292X,G01,874,T,0.9489795918367347,196,
DI07,Lib7_292X,G01,875,T,0.9851485148514851,202,
DI07,Lib7_292X,G02,873,T,0.9968847352024922,321,
DI07,Lib7_292X,G02,874,G,1.0,328,
DI07,Lib7_292X,G02,875,G,1.0,321,
DI07,Lib7_292X,G03,873,A,1.0,258,
DI07,Lib7_292X,G03,874,T,0.9806763285024155,207,
DI07,Lib7_292X,G03,875,T,0.990909090909091,220,
DI07,Lib7_292X,G04,873,T,0.9726775956284153,183,
DI07,Lib7_292X,G04,874,T,0.8957055214723927,163,
DI07,Lib7_292X,G04,875,T,0.9488636363636364,176,
DI07,Lib7_292X,G05,873,C,0.9758308157099698,331,
DI07,Lib7_292X,G05,874,C,0.972972972972973,333,
DI07,Lib7_292X,G05,875,G,0.9790419161676647,334,
DI07,Lib7_292X,G06,#DEAD#,#DEAD#,0.0,257,#DEAD#
DI07,Lib7_292X,G07,#DEAD#,#DEAD#,0.0,2,#DEAD#
DI07,Lib7_292X,G08,#DEAD#,#DEAD#,0.0,2,#DEAD#
DI07,Lib7_292X,G09,873,G,0.9918367346938776,245,
DI07,Lib7_292X,G09,874,T,0.9292452830188679,212,
DI07,Lib7_292X,G09,875,G,0.984251968503937,254,
DI07,Lib7_292X,G10,873,G,1.0,218,
DI07,Lib7_292X,G10,874,G,1.0,227,
DI07,Lib7_292X,G10,875,T,1.0,198,
DI07,Lib7_292X,G11,873,C,0.9898648648648649,296,
DI07,Lib7_292X,G11,874,T,0.9453125,256,
DI07,Lib7_292X,G11,875,T,0.9893992932862191,283,
DI07,Lib7_292X,G12,873,C,0.9857142857142858,350,
DI07,Lib7_292X,G12,874,G,1.0,365,
DI07,Lib7_292X,G12,875,T,0.9838709677419355,310,
DI07,Lib7_292X,H01,873,A,1.0,254,
DI07,Lib7_292X,H01,874,T,0.9296482412060302,199,
DI07,Lib7_292X,H01,875,T,0.9764150943396226,212,
DI07,Lib7_292X,H02,873,A,1.0,124,
DI07,Lib7_292X,H02,874,A,0.9830508474576272,118,
DI07,Lib7_292X,H02,875,T,0.9814814814814815,108,
DI07,Lib7_292X,H03,873,G,0.9655172413793104,58,
DI07,Lib7_292X,H03,874,A,0.9649122807017544,57,
DI07,Lib7_292X,H03,875,G,0.9636363636363636,55,
DI07,Lib7_292X,H04,873,C,0.9130434782608695,46,
DI07,Lib7_292X,H04,874,C,0.9130434782608695,46,
DI07,Lib7_292X,H04,875,G,0.9166666666666666,48,
DI07,Lib7_292X,H05,873,C,0.9816849816849816,273,
DI07,Lib7_292X,H05,874,T,0.9300411522633745,243,
DI07,Lib7_292X,H05,875,G,0.9822695035460993,282,
DI07,Lib7_292X,H06,873,T,0.9683257918552036,221,
DI07,Lib7_292X,H06,874,T,0.8578431372549019,204,
DI07,Lib7_292X,H06,875,T,0.9430051813471503,193,
DI07,Lib7_292X,H07,#DEAD#,#DEAD#,0.0,2,#DEAD#
DI07,Lib7_292X,H08,873,G,0.9823529411764705,170,
DI07,Lib7_292X,H08,874,G,1.0,182,
DI07,Lib7_292X,H08,875,T,0.9815950920245399,163,
DI07,Lib7_292X,H09,820,T,0.5,2,Unexpected Variation
DI07,Lib7_292X,H09,873,A,1.0,3,
DI07,Lib7_292X,H09,874,G,1.0,3,
DI07,Lib7_292X,H09,875,C,1.0,3,
DI07,Lib7_292X,H09,900,T,0.3333333333333333,3,Unexpected Variation
DI07,Lib7_292X,H09,901,A,0.5,2,Unexpected Variation
DI07,Lib7_292X,H09,902,G,0.6666666666666666,3,Unexpected Variation
DI07,Lib7_292X,H10,#DEAD#,#DEAD#,0.0,1,#DEAD#
DI07,Lib7_292X,H11,873,G,1.0,119,
DI07,Lib7_292X,H11,874,G,1.0,128,
DI07,Lib7_292X,H11,875,T,0.9824561403508771,114,
DI07,Lib7_292X,H12,873,A,0.9945054945054945,182,
DI07,Lib7_292X,H12,874,C,0.9884393063583815,173,
DI07,Lib7_292X,H12,875,G,0.9886363636363636,176,
DI08,Lib8_301X,A01,900,A,1.0,78,
DI08,Lib8_301X,A01,901,T,1.0,75,
DI08,Lib8_301X,A01,902,G,1.0,77,
DI08,Lib8_301X,A02,900,G,0.9848484848484849,132,
DI08,Lib8_301X,A02,901,A,1.0,126,
DI08,Lib8_301X,A02,902,G,0.9924812030075187,133,
DI08,Lib8_301X,A03,900,A,1.0,212,
DI08,Lib8_301X,A03,901,G,1.0,211,
DI08,Lib8_301X,A03,902,T,1.0,199,
DI08,Lib8_301X,A04,900,A,0.9958071278825996,477,
DI08,Lib8_301X,A04,901,T,0.9932735426008968,446,
DI08,Lib8_301X,A04,902,G,0.9978586723768736,467,
DI08,Lib8_301X,A05,900,T,1.0,347,
DI08,Lib8_301X,A05,901,G,0.9972067039106145,358,
DI08,Lib8_301X,A05,902,G,0.9943342776203966,353,
DI08,Lib8_301X,A06,900,G,0.9911764705882353,340,
DI08,Lib8_301X,A06,901,A,0.9937304075235109,319,
DI08,Lib8_301X,A06,902,G,0.9913294797687862,346,
DI08,Lib8_301X,A07,900,A,0.9970326409495549,337,
DI08,Lib8_301X,A07,901,G,0.9969512195121951,328,
DI08,Lib8_301X,A07,902,T,0.9968553459119497,318,
DI08,Lib8_301X,A08,900,C,0.9966555183946488,299,
DI08,Lib8_301X,A08,901,C,0.9964539007092199,282,
DI08,Lib8_301X,A08,902,G,0.996742671009772,307,
DI08,Lib8_301X,A09,900,G,0.993993993993994,333,
DI08,Lib8_301X,A09,901,C,0.9907692307692307,325,
DI08,Lib8_301X,A09,902,G,0.9942196531791907,346,
DI08,Lib8_301X,A10,900,T,0.9940476190476191,336,
DI08,Lib8_301X,A10,901,A,0.9969879518072289,332,
DI08,Lib8_301X,A10,902,C,1.0,314,
DI08,Lib8_301X,A11,900,A,0.9934640522875817,153,
DI08,Lib8_301X,A11,901,C,1.0,144,
DI08,Lib8_301X,A11,902,G,0.9933774834437086,151,
DI08,Lib8_301X,A12,900,C,1.0,197,
DI08,Lib8_301X,A12,901,G,1.0,200,
DI08,Lib8_301X,A12,902,T,1.0,189,
DI08,Lib8_301X,B01,900,C,1.0,224,
DI08,Lib8_301X,B01,901,T,1.0,216,
DI08,Lib8_301X,B01,902,G,0.9955555555555555,225,
DI08,Lib8_301X,B02,677,T,1.0,122,Unexpected Variation
DI08,Lib8_301X,B02,900,T,1.0,117,
DI08,Lib8_301X,B02,901,A,1.0,123,
DI08,Lib8_301X,B02,902,C,1.0,123,
DI08,Lib8_301X,B03,900,T,0.7205882352941176,136,
DI08,Lib8_301X,B03,901,G,0.7372262773722628,137,
DI08,Lib8_301X,B03,902,G,1.0,139,
DI08,Lib8_301X,B04,900,G,0.9940652818991098,337,
DI08,Lib8_301X,B04,901,G,0.9970414201183432,338,
DI08,Lib8_301X,B04,902,T,1.0,312,
DI08,Lib8_301X,B05,900,A,1.0,303,
DI08,Lib8_301X,B05,901,A,1.0,275,
DI08,Lib8_301X,B05,902,T,1.0,267,
DI08,Lib8_301X,B06,900,G,0.995260663507109,211,
DI08,Lib8_301X,B06,901,A,1.0,203,
DI08,Lib8_301X,B06,902,G,0.9953271028037384,214,
DI08,Lib8_301X,B07,900,A,0.9895104895104895,286,
DI08,Lib8_301X,B07,901,A,0.9961685823754789,261,
DI08,Lib8_301X,B07,902,G,0.9894736842105263,285,
DI08,Lib8_301X,B08,900,G,0.9969788519637462,331,
DI08,Lib8_301X,B08,901,T,0.9969418960244648,327,
DI08,Lib8_301X,B08,902,G,0.9970414201183432,338,
DI08,Lib8_301X,B09,900,C,0.9922279792746114,386,
DI08,Lib8_301X,B09,901,T,0.9918478260869565,368,
DI08,Lib8_301X,B09,902,G,0.9948051948051948,385,
DI08,Lib8_301X,B10,900,T,0.993006993006993,143,
DI08,Lib8_301X,B10,901,A,0.9929577464788732,142,
DI08,Lib8_301X,B10,902,C,1.0,147,
DI08,Lib8_301X,B11,900,G,0.9882352941176471,85,
DI08,Lib8_301X,B11,901,A,0.9746835443037974,79,
DI08,Lib8_301X,B11,902,G,1.0,83,
DI08,Lib8_301X,B12,#DEAD#,#DEAD#,0.0,311,#DEAD#
DI08,Lib8_301X,C01,900,C,0.9967948717948718,312,
DI08,Lib8_301X,C01,901,G,0.9968354430379747,316,
DI08,Lib8_301X,C01,902,T,0.9899665551839465,299,
DI08,Lib8_301X,C02,900,G,0.99581589958159,239,
DI08,Lib8_301X,C02,901,T,0.9958333333333333,240,
DI08,Lib8_301X,C02,902,G,0.9958677685950413,242,
DI08,Lib8_301X,C03,900,G,1.0,119,
DI08,Lib8_301X,C03,901,C,1.0,119,
DI08,Lib8_301X,C03,902,G,1.0,120,
DI08,Lib8_301X,C04,900,A,0.991701244813278,241,
DI08,Lib8_301X,C04,901,A,1.0,222,
DI08,Lib8_301X,C04,902,G,0.9957446808510638,235,
DI08,Lib8_301X,C05,900,T,1.0,185,
DI08,Lib8_301X,C05,901,G,1.0,191,
DI08,Lib8_301X,C05,902,G,1.0,189,
DI08,Lib8_301X,C06,900,C,0.9857142857142858,210,
DI08,Lib8_301X,C06,901,A,0.9902912621359223,206,
DI08,Lib8_301X,C06,902,T,0.9751243781094527,201,
DI08,Lib8_301X,C07,900,T,0.9824561403508771,171,
DI08,Lib8_301X,C07,901,G,0.9726775956284153,183,
DI08,Lib8_301X,C07,902,G,0.9726775956284153,183,
DI08,Lib8_301X,C08,#DEAD#,#DEAD#,0.0,196,#DEAD#
DI08,Lib8_301X,C09,900,T,0.9710144927536232,138,
DI08,Lib8_301X,C09,901,A,0.9785714285714285,140,
DI08,Lib8_301X,C09,902,T,0.9714285714285714,140,
DI08,Lib8_301X,C10,900,T,0.9916666666666667,120,
DI08,Lib8_301X,C10,901,A,1.0,117,
DI08,Lib8_301X,C10,902,C,1.0,114,
DI08,Lib8_301X,C11,900,C,0.9942857142857143,175,
DI08,Lib8_301X,C11,901,A,1.0,169,
DI08,Lib8_301X,C11,902,T,0.9877300613496932,163,
DI08,Lib8_301X,C12,900,T,0.5842696629213483,178,
DI08,Lib8_301X,C12,901,A,1.0,169,
DI08,Lib8_301X,C12,902,C,0.563953488372093,172,
DI08,Lib8_301X,D01,900,G,1.0,223,
DI08,Lib8_301X,D01,901,A,1.0,212,
DI08,Lib8_301X,D01,902,G,1.0,228,
DI08,Lib8_301X,D02,900,C,1.0,200,
DI08,Lib8_301X,D02,901,C,1.0,196,
DI08,Lib8_301X,D02,902,G,1.0,206,
DI08,Lib8_301X,D03,900,T,1.0,181,
DI08,Lib8_301X,D03,901,A,1.0,185,
DI08,Lib8_301X,D03,902,T,1.0,180,
DI08,Lib8_301X,D04,900,A,0.9767441860465116,86,
DI08,Lib8_301X,D04,901,A,0.9875,80,
DI08,Lib8_301X,D04,902,G,0.963855421686747,83,
DI08,Lib8_301X,D05,#DEAD#,#DEAD#,0.0,0,#DEAD#
DI08,Lib8_301X,D06,900,C,0.9957805907172996,237,
DI08,Lib8_301X,D06,901,C,1.0,227,
DI08,Lib8_301X,D06,902,G,1.0,252,
DI08,Lib8_301X,D07,#DEAD#,#DEAD#,0.0,0,#DEAD#
DI08,Lib8_301X,D08,#DEAD#,#DEAD#,0.0,2,#DEAD#
DI08,Lib8_301X,D09,900,A,1.0,138,
DI08,Lib8_301X,D09,901,T,1.0,80,
DI08,Lib8_301X,D09,902,G,1.0,96,
DI08,Lib8_301X,D10,900,T,1.0,165,
DI08,Lib8_301X,D10,901,A,1.0,161,
DI08,Lib8_301X,D10,902,C,1.0,156,
DI08,Lib8_301X,D11,900,A,0.9759615384615384,208,
DI08,Lib8_301X,D11,901,G,0.9752475247524752,202,
DI08,Lib8_301X,D11,902,T,0.9735449735449735,189,
DI08,Lib8_301X,D12,900,G,0.9895833333333334,96,
DI08,Lib8_301X,D12,901,A,1.0,91,
DI08,Lib8_301X,D12,902,G,0.98989898989899,99,
DI08,Lib8_301X,E01,900,A,1.0,231,
DI08,Lib8_301X,E01,901,C,1.0,217,
DI08,Lib8_301X,E01,902,G,1.0,230,
DI08,Lib8_301X,E02,817,A,0.6666666666666666,3,Unexpected Variation
DI08,Lib8_301X,E02,900,T,0.9873417721518988,79,
DI08,Lib8_301X,E02,901,A,0.9803921568627451,51,
DI08,Lib8_301X,E02,902,C,1.0,74,
DI08,Lib8_301X,E03,900,C,1.0,182,
DI08,Lib8_301X,E03,901,T,0.9943502824858758,177,
DI08,Lib8_301X,E03,902,G,1.0,187,
DI08,Lib8_301X,E04,900,T,1.0,149,
DI08,Lib8_301X,E04,901,A,1.0,147,
DI08,Lib8_301X,E04,902,C,1.0,142,
DI08,Lib8_301X,E05,900,G,0.6098901098901099,182,
DI08,Lib8_301X,E05,901,A,0.9943181818181818,176,
DI08,Lib8_301X,E05,902,G,0.6312849162011173,179,
DI08,Lib8_301X,E06,900,C,0.9924242424242424,132,
DI08,Lib8_301X,E06,901,G,0.9924812030075187,133,
DI08,Lib8_301X,E06,902,T,0.9921259842519685,127,
DI08,Lib8_301X,E07,900,T,0.9923664122137404,262,
DI08,Lib8_301X,E07,901,A,0.9961685823754789,261,
DI08,Lib8_301X,E07,902,C,0.992,250,
DI08,Lib8_301X,E08,900,A,0.9929577464788732,142,
DI08,Lib8_301X,E08,901,T,0.9925373134328358,134,
DI08,Lib8_301X,E08,902,T,0.9925925925925926,135,
DI08,Lib8_301X,E09,#DEAD#,#DEAD#,0.0,0,#DEAD#
DI08,Lib8_301X,E10,900,T,1.0,138,
DI08,Lib8_301X,E10,901,A,1.0,137,
DI08,Lib8_301X,E10,902,C,1.0,139,
DI08,Lib8_301X,E11,900,G,0.9949238578680203,197,
DI08,Lib8_301X,E11,901,A,1.0,189,
DI08,Lib8_301X,E11,902,G,0.9901477832512315,203,
DI08,Lib8_301X,E12,900,A,0.9690721649484536,97,
DI08,Lib8_301X,E12,901,C,0.9775280898876404,89,
DI08,Lib8_301X,E12,902,G,0.9791666666666666,96,
DI08,Lib8_301X,F01,900,A,0.9966101694915255,295,
DI08,Lib8_301X,F01,901,A,1.0,271,
DI08,Lib8_301X,F01,902,T,0.996268656716418,268,
DI08,Lib8_301X,F02,900,G,1.0,12,
DI08,Lib8_301X,F02,901,T,1.0,11,
DI08,Lib8_301X,F02,902,T,1.0,10,
DI08,Lib8_301X,F03,900,A,0.9887005649717514,177,
DI08,Lib8_301X,F03,901,C,0.9879518072289156,166,
DI08,Lib8_301X,F03,902,G,0.9887640449438202,178,
DI08,Lib8_301X,F04,900,T,0.9960474308300395,253,
DI08,Lib8_301X,F04,901,G,0.9922779922779923,259,
DI08,Lib8_301X,F04,902,G,0.9960629921259843,254,
DI08,Lib8_301X,F05,900,A,0.9770491803278688,305,
DI08,Lib8_301X,F05,901,C,0.9759450171821306,291,
DI08,Lib8_301X,F05,902,G,1.0,304,
DI08,Lib8_301X,F06,900,A,0.9888888888888889,180,
DI08,Lib8_301X,F06,901,T,0.9882352941176471,170,
DI08,Lib8_301X,F06,902,T,0.9880239520958084,167,
DI08,Lib8_301X,F07,900,A,1.0,68,
DI08,Lib8_301X,F07,901,T,1.0,63,
DI08,Lib8_301X,F07,902,G,1.0,66,
DI08,Lib8_301X,F08,900,T,1.0,127,
DI08,Lib8_301X,F08,901,G,0.9923076923076923,130,
DI08,Lib8_301X,F08,902,T,0.992,125,
DI08,Lib8_301X,F09,900,T,0.9960474308300395,253,
DI08,Lib8_301X,F09,901,A,1.0,261,
DI08,Lib8_301X,F09,902,T,0.996078431372549,255,
DI08,Lib8_301X,F10,#DEAD#,#DEAD#,0.0,1,#DEAD#
DI08,Lib8_301X,F11,900,T,1.0,108,
DI08,Lib8_301X,F11,901,T,0.990909090909091,110,
DI08,Lib8_301X,F11,902,T,1.0,111,
DI08,Lib8_301X,F12,900,A,1.0,265,
DI08,Lib8_301X,F12,901,T,1.0,250,
DI08,Lib8_301X,F12,902,G,1.0,265,
DI08,Lib8_301X,G01,900,A,1.0,252,
DI08,Lib8_301X,G01,901,A,0.9957264957264957,234,
DI08,Lib8_301X,G01,902,G,1.0,248,
DI08,Lib8_301X,G02,#DEAD#,#DEAD#,0.0,0,#DEAD#
DI08,Lib8_301X,G03,900,C,0.990990990990991,222,
DI08,Lib8_301X,G03,901,T,0.9903846153846154,208,
DI08,Lib8_301X,G03,902,G,0.990909090909091,220,
DI08,Lib8_301X,G04,900,T,0.9948186528497409,193,
DI08,Lib8_301X,G04,901,A,1.0,193,
DI08,Lib8_301X,G04,902,T,0.9890710382513661,183,
DI08,Lib8_301X,G05,900,A,0.9845360824742269,388,
DI08,Lib8_301X,G05,901,T,0.9864864864864865,370,
DI08,Lib8_301X,G05,902,G,0.9869109947643979,382,
DI08,Lib8_301X,G06,900,G,0.9949238578680203,197,
DI08,Lib8_301X,G06,901,T,0.9948186528497409,193,
DI08,Lib8_301X,G06,902,G,0.9949748743718593,199,
DI08,Lib8_301X,G07,900,A,0.9959183673469387,245,
DI08,Lib8_301X,G07,901,T,0.9910313901345291,223,
DI08,Lib8_301X,G07,902,T,0.9957081545064378,233,
DI08,Lib8_301X,G08,900,G,0.979933110367893,299,
DI08,Lib8_301X,G08,901,T,0.9826989619377162,289,
DI08,Lib8_301X,G08,902,G,0.9804560260586319,307,
DI08,Lib8_301X,G09,900,A,0.9929577464788732,284,
DI08,Lib8_301X,G09,901,A,0.9925650557620818,269,
DI08,Lib8_301X,G09,902,T,0.9962121212121212,264,
DI08,Lib8_301X,G10,#DEAD#,#DEAD#,0.0,0,#DEAD#
DI08,Lib8_301X,G11,900,G,0.9957264957264957,234,
DI08,Lib8_301X,G11,901,A,1.0,214,
DI08,Lib8_301X,G11,902,G,0.9957264957264957,234,
DI08,Lib8_301X,G12,900,T,0.7584541062801933,207,
DI08,Lib8_301X,G12,901,A,0.76,200,
DI08,Lib8_301X,G12,902,C,0.734375,192,
DI08,Lib8_301X,H01,900,G,0.9884169884169884,259,
DI08,Lib8_301X,H01,901,C,0.98828125,256,
DI08,Lib8_301X,H01,902,G,0.9924812030075187,266,
DI08,Lib8_301X,H02,900,G,0.98989898989899,99,
DI08,Lib8_301X,H02,901,A,1.0,97,
DI08,Lib8_301X,H02,902,T,0.989010989010989,91,
DI08,Lib8_301X,H03,900,A,0.9845201238390093,323,
DI08,Lib8_301X,H03,901,T,0.9833887043189369,301,
DI08,Lib8_301X,H03,902,G,0.9873417721518988,316,
DI08,Lib8_301X,H04,900,C,0.9936708860759493,316,
DI08,Lib8_301X,H04,901,A,0.9934640522875817,306,
DI08,Lib8_301X,H04,902,G,0.9968354430379747,316,
DI08,Lib8_301X,H05,900,A,0.9935897435897436,312,
DI08,Lib8_301X,H05,901,A,0.9895470383275261,287,
DI08,Lib8_301X,H05,902,G,0.9934640522875817,306,
DI08,Lib8_301X,H06,900,A,0.995,400,
DI08,Lib8_301X,H06,901,C,0.9945205479452055,365,
DI08,Lib8_301X,H06,902,G,0.9949238578680203,394,
DI08,Lib8_301X,H07,900,A,0.9973614775725593,379,
DI08,Lib8_301X,H07,901,A,0.9941002949852508,339,
DI08,Lib8_301X,H07,902,G,0.994579945799458,369,
DI08,Lib8_301X,H08,900,G,0.8869257950530035,283,
DI08,Lib8_301X,H08,901,A,0.9892857142857143,280,
DI08,Lib8_301X,H08,902,G,0.8885017421602788,287,
DI08,Lib8_301X,H09,900,C,0.993920972644377,329,
DI08,Lib8_301X,H09,901,C,0.9906832298136646,322,
DI08,Lib8_301X,H09,902,G,0.9971181556195965,347,
DI08,Lib8_301X,H10,#DEAD#,#DEAD#,0.0,0,#DEAD#
DI08,Lib8_301X,H11,745,A,1.0,247,Unexpected Variation
DI08,Lib8_301X,H11,900,C,1.0,234,
DI08,Lib8_301X,H11,901,T,0.9955555555555555,225,
DI08,Lib8_301X,H11,902,G,1.0,238,
DI08,Lib8_301X,H12,900,T,1.0,203,
DI08,Lib8_301X,H12,901,G,0.9855072463768116,207,
DI08,Lib8_301X,H12,902,G,0.9852941176470589,204,
